accounting_record_id,store_id,sale_id,purchase_order_id,record_type,record_category,amount,record_date,description,fiscal_period
1,2,1.0,,revenue,sales,51.72,2025-04-19,Revenue from sale 1,2025-04
2,1,2.0,,revenue,sales,67.16,2025-04-26,Revenue from sale 2,2025-04
3,5,3.0,,revenue,sales,13.2,2025-11-29,Revenue from sale 3,2025-11
4,5,4.0,,revenue,sales,32.26,2025-11-15,Revenue from sale 4,2025-11
5,5,5.0,,revenue,sales,25.94,2025-08-25,Revenue from sale 5,2025-08
6,4,6.0,,revenue,sales,29.39,2025-07-25,Revenue from sale 6,2025-07
7,2,7.0,,revenue,sales,27.39,2025-04-27,Revenue from sale 7,2025-04
8,4,8.0,,revenue,sales,27.48,2025-06-17,Revenue from sale 8,2025-06
9,4,9.0,,revenue,sales,17.68,2025-09-06,Revenue from sale 9,2025-09
10,1,10.0,,revenue,sales,30.92,2025-06-15,Revenue from sale 10,2025-06
11,3,11.0,,revenue,sales,21.48,2025-07-02,Revenue from sale 11,2025-07
12,4,12.0,,revenue,sales,52.74,2025-09-26,Revenue from sale 12,2025-09
13,4,13.0,,revenue,sales,46.8,2025-06-29,Revenue from sale 13,2025-06
14,4,14.0,,revenue,sales,75.44,2025-08-30,Revenue from sale 14,2025-08
15,4,15.0,,revenue,sales,27.03,2025-11-22,Revenue from sale 15,2025-11
16,3,16.0,,revenue,sales,26.37,2025-09-29,Revenue from sale 16,2025-09
17,5,17.0,,revenue,sales,20.82,2025-11-01,Revenue from sale 17,2025-11
18,4,18.0,,revenue,sales,45.39,2025-05-11,Revenue from sale 18,2025-05
19,1,19.0,,revenue,sales,16.32,2025-01-11,Revenue from sale 19,2025-01
20,5,20.0,,revenue,sales,22.32,2025-12-04,Revenue from sale 20,2025-12
21,4,21.0,,revenue,sales,34.36,2025-05-13,Revenue from sale 21,2025-05
22,3,22.0,,revenue,sales,41.37,2025-09-23,Revenue from sale 22,2025-09
23,3,23.0,,revenue,sales,37.9,2025-04-24,Revenue from sale 23,2025-04
24,5,24.0,,revenue,sales,26.1,2025-07-29,Revenue from sale 24,2025-07
25,4,25.0,,revenue,sales,29.81,2025-12-08,Revenue from sale 25,2025-12
26,5,26.0,,revenue,sales,31.52,2025-09-27,Revenue from sale 26,2025-09
27,5,27.0,,revenue,sales,35.61,2025-10-10,Revenue from sale 27,2025-10
28,3,28.0,,revenue,sales,42.95,2025-11-20,Revenue from sale 28,2025-11
29,3,29.0,,revenue,sales,77.97,2025-12-07,Revenue from sale 29,2025-12
30,4,30.0,,revenue,sales,20.95,2025-08-27,Revenue from sale 30,2025-08
31,4,31.0,,revenue,sales,12.22,2025-11-23,Revenue from sale 31,2025-11
32,1,32.0,,revenue,sales,22.17,2025-12-13,Revenue from sale 32,2025-12
33,5,33.0,,revenue,sales,38.71,2025-08-03,Revenue from sale 33,2025-08
34,1,34.0,,revenue,sales,18.15,2025-08-17,Revenue from sale 34,2025-08
35,4,35.0,,revenue,sales,20.9,2025-09-23,Revenue from sale 35,2025-09
36,4,36.0,,revenue,sales,82.65,2025-07-22,Revenue from sale 36,2025-07
37,4,37.0,,revenue,sales,29.51,2025-06-10,Revenue from sale 37,2025-06
38,1,38.0,,revenue,sales,39.76,2025-12-20,Revenue from sale 38,2025-12
39,3,39.0,,revenue,sales,33.03,2025-07-31,Revenue from sale 39,2025-07
40,2,40.0,,revenue,sales,20.98,2025-03-21,Revenue from sale 40,2025-03
41,1,41.0,,revenue,sales,38.52,2025-06-10,Revenue from sale 41,2025-06
42,1,42.0,,revenue,sales,68.61,2025-03-29,Revenue from sale 42,2025-03
43,4,43.0,,revenue,sales,16.4,2025-04-28,Revenue from sale 43,2025-04
44,4,44.0,,revenue,sales,37.0,2025-11-29,Revenue from sale 44,2025-11
45,5,45.0,,revenue,sales,16.23,2025-10-21,Revenue from sale 45,2025-10
46,2,46.0,,revenue,sales,18.92,2025-04-09,Revenue from sale 46,2025-04
47,3,47.0,,revenue,sales,26.26,2025-10-05,Revenue from sale 47,2025-10
48,5,48.0,,revenue,sales,20.09,2025-10-18,Revenue from sale 48,2025-10
49,5,49.0,,revenue,sales,45.62,2025-12-24,Revenue from sale 49,2025-12
50,2,50.0,,revenue,sales,20.91,2025-01-18,Revenue from sale 50,2025-01
51,4,51.0,,revenue,sales,16.22,2025-12-05,Revenue from sale 51,2025-12
52,4,52.0,,revenue,sales,54.99,2025-06-02,Revenue from sale 52,2025-06
53,1,53.0,,revenue,sales,17.76,2025-10-14,Revenue from sale 53,2025-10
54,1,54.0,,revenue,sales,56.07,2025-08-19,Revenue from sale 54,2025-08
55,1,55.0,,revenue,sales,10.84,2025-01-04,Revenue from sale 55,2025-01
56,1,56.0,,revenue,sales,36.41,2025-10-27,Revenue from sale 56,2025-10
57,2,57.0,,revenue,sales,111.47,2025-01-18,Revenue from sale 57,2025-01
58,3,58.0,,revenue,sales,8.08,2025-09-08,Revenue from sale 58,2025-09
59,4,59.0,,revenue,sales,48.57,2025-07-17,Revenue from sale 59,2025-07
60,5,60.0,,revenue,sales,31.39,2025-08-17,Revenue from sale 60,2025-08
61,5,61.0,,revenue,sales,26.17,2025-11-14,Revenue from sale 61,2025-11
62,2,62.0,,revenue,sales,15.88,2025-07-27,Revenue from sale 62,2025-07
63,5,63.0,,revenue,sales,35.89,2025-11-12,Revenue from sale 63,2025-11
64,2,64.0,,revenue,sales,66.55,2025-05-25,Revenue from sale 64,2025-05
65,1,65.0,,revenue,sales,15.94,2025-05-24,Revenue from sale 65,2025-05
66,1,66.0,,revenue,sales,32.05,2025-04-26,Revenue from sale 66,2025-04
67,5,67.0,,revenue,sales,35.75,2025-08-20,Revenue from sale 67,2025-08
68,3,68.0,,revenue,sales,52.91,2025-10-04,Revenue from sale 68,2025-10
69,5,69.0,,revenue,sales,18.53,2025-10-12,Revenue from sale 69,2025-10
70,3,70.0,,revenue,sales,18.82,2025-12-30,Revenue from sale 70,2025-12
71,4,71.0,,revenue,sales,14.19,2025-06-23,Revenue from sale 71,2025-06
72,4,72.0,,revenue,sales,40.63,2025-04-20,Revenue from sale 72,2025-04
73,1,73.0,,revenue,sales,32.28,2025-08-02,Revenue from sale 73,2025-08
74,1,74.0,,revenue,sales,28.62,2025-01-15,Revenue from sale 74,2025-01
75,5,75.0,,revenue,sales,48.62,2025-08-23,Revenue from sale 75,2025-08
76,5,76.0,,revenue,sales,34.94,2025-08-20,Revenue from sale 76,2025-08
77,1,77.0,,revenue,sales,15.93,2025-01-16,Revenue from sale 77,2025-01
78,1,78.0,,revenue,sales,41.84,2025-09-27,Revenue from sale 78,2025-09
79,5,79.0,,revenue,sales,86.72,2025-12-08,Revenue from sale 79,2025-12
80,3,80.0,,revenue,sales,27.12,2025-07-18,Revenue from sale 80,2025-07
81,4,81.0,,revenue,sales,40.73,2025-12-05,Revenue from sale 81,2025-12
82,4,82.0,,revenue,sales,41.95,2025-08-17,Revenue from sale 82,2025-08
83,1,83.0,,revenue,sales,27.52,2025-08-10,Revenue from sale 83,2025-08
84,4,84.0,,revenue,sales,42.32,2025-07-13,Revenue from sale 84,2025-07
85,4,85.0,,revenue,sales,33.12,2025-07-23,Revenue from sale 85,2025-07
86,5,86.0,,revenue,sales,18.69,2025-10-30,Revenue from sale 86,2025-10
87,3,87.0,,revenue,sales,54.98,2025-07-22,Revenue from sale 87,2025-07
88,2,88.0,,revenue,sales,29.44,2025-10-15,Revenue from sale 88,2025-10
89,4,89.0,,revenue,sales,21.79,2025-12-06,Revenue from sale 89,2025-12
90,2,90.0,,revenue,sales,32.17,2025-10-22,Revenue from sale 90,2025-10
91,3,91.0,,revenue,sales,34.75,2025-10-21,Revenue from sale 91,2025-10
92,2,92.0,,revenue,sales,15.04,2025-02-02,Revenue from sale 92,2025-02
93,4,93.0,,revenue,sales,13.91,2025-11-08,Revenue from sale 93,2025-11
94,1,94.0,,revenue,sales,20.47,2025-04-10,Revenue from sale 94,2025-04
95,5,95.0,,revenue,sales,38.43,2025-12-06,Revenue from sale 95,2025-12
96,3,96.0,,revenue,sales,75.2,2025-06-15,Revenue from sale 96,2025-06
97,5,97.0,,revenue,sales,43.54,2025-12-17,Revenue from sale 97,2025-12
98,5,98.0,,revenue,sales,28.85,2025-12-24,Revenue from sale 98,2025-12
99,3,99.0,,revenue,sales,17.84,2025-03-05,Revenue from sale 99,2025-03
100,1,100.0,,revenue,sales,42.78,2025-01-04,Revenue from sale 100,2025-01
101,3,101.0,,revenue,sales,53.15,2025-08-15,Revenue from sale 101,2025-08
102,3,102.0,,revenue,sales,14.23,2025-07-23,Revenue from sale 102,2025-07
103,3,103.0,,revenue,sales,19.65,2025-10-14,Revenue from sale 103,2025-10
104,3,104.0,,revenue,sales,38.0,2025-08-10,Revenue from sale 104,2025-08
105,3,105.0,,revenue,sales,19.88,2025-04-06,Revenue from sale 105,2025-04
106,4,106.0,,revenue,sales,26.05,2025-12-15,Revenue from sale 106,2025-12
107,4,107.0,,revenue,sales,35.28,2025-04-20,Revenue from sale 107,2025-04
108,2,108.0,,revenue,sales,31.49,2025-12-14,Revenue from sale 108,2025-12
109,1,109.0,,revenue,sales,22.3,2025-09-21,Revenue from sale 109,2025-09
110,1,110.0,,revenue,sales,38.86,2025-04-16,Revenue from sale 110,2025-04
111,5,111.0,,revenue,sales,24.88,2025-11-17,Revenue from sale 111,2025-11
112,4,112.0,,revenue,sales,15.47,2025-10-20,Revenue from sale 112,2025-10
113,5,113.0,,revenue,sales,19.15,2025-11-30,Revenue from sale 113,2025-11
114,4,114.0,,revenue,sales,19.45,2025-06-15,Revenue from sale 114,2025-06
115,2,115.0,,revenue,sales,32.09,2025-06-26,Revenue from sale 115,2025-06
116,5,116.0,,revenue,sales,35.28,2025-12-24,Revenue from sale 116,2025-12
117,1,117.0,,revenue,sales,47.4,2025-07-28,Revenue from sale 117,2025-07
118,4,118.0,,revenue,sales,44.6,2025-10-02,Revenue from sale 118,2025-10
119,2,119.0,,revenue,sales,41.22,2025-07-01,Revenue from sale 119,2025-07
120,2,120.0,,revenue,sales,18.61,2025-12-21,Revenue from sale 120,2025-12
121,2,121.0,,revenue,sales,13.38,2025-09-06,Revenue from sale 121,2025-09
122,3,122.0,,revenue,sales,73.8,2025-03-02,Revenue from sale 122,2025-03
123,3,123.0,,revenue,sales,23.06,2025-04-10,Revenue from sale 123,2025-04
124,3,124.0,,revenue,sales,28.74,2025-05-11,Revenue from sale 124,2025-05
125,5,125.0,,revenue,sales,41.72,2025-08-22,Revenue from sale 125,2025-08
126,2,126.0,,revenue,sales,37.86,2025-11-23,Revenue from sale 126,2025-11
127,4,127.0,,revenue,sales,32.89,2025-05-15,Revenue from sale 127,2025-05
128,3,128.0,,revenue,sales,16.36,2025-10-22,Revenue from sale 128,2025-10
129,2,129.0,,revenue,sales,27.34,2025-07-20,Revenue from sale 129,2025-07
130,4,130.0,,revenue,sales,25.67,2025-06-28,Revenue from sale 130,2025-06
131,1,131.0,,revenue,sales,45.37,2025-01-08,Revenue from sale 131,2025-01
132,2,132.0,,revenue,sales,119.0,2025-01-10,Revenue from sale 132,2025-01
133,3,133.0,,revenue,sales,22.56,2025-11-05,Revenue from sale 133,2025-11
134,3,134.0,,revenue,sales,78.43,2025-09-25,Revenue from sale 134,2025-09
135,1,135.0,,revenue,sales,43.02,2025-10-03,Revenue from sale 135,2025-10
136,3,136.0,,revenue,sales,22.89,2025-01-25,Revenue from sale 136,2025-01
137,3,137.0,,revenue,sales,76.33,2025-06-19,Revenue from sale 137,2025-06
138,2,138.0,,revenue,sales,36.21,2025-01-07,Revenue from sale 138,2025-01
139,2,139.0,,revenue,sales,36.76,2025-12-25,Revenue from sale 139,2025-12
140,2,140.0,,revenue,sales,44.56,2025-02-24,Revenue from sale 140,2025-02
141,2,141.0,,revenue,sales,45.87,2025-02-23,Revenue from sale 141,2025-02
142,4,142.0,,revenue,sales,23.01,2025-06-18,Revenue from sale 142,2025-06
143,3,143.0,,revenue,sales,23.3,2025-01-17,Revenue from sale 143,2025-01
144,3,144.0,,revenue,sales,31.52,2025-12-21,Revenue from sale 144,2025-12
145,1,145.0,,revenue,sales,19.0,2025-09-20,Revenue from sale 145,2025-09
146,4,146.0,,revenue,sales,35.0,2025-05-25,Revenue from sale 146,2025-05
147,3,147.0,,revenue,sales,23.92,2025-03-17,Revenue from sale 147,2025-03
148,1,148.0,,revenue,sales,54.66,2025-02-15,Revenue from sale 148,2025-02
149,4,149.0,,revenue,sales,17.17,2025-07-20,Revenue from sale 149,2025-07
150,4,150.0,,revenue,sales,34.49,2025-08-17,Revenue from sale 150,2025-08
151,4,151.0,,revenue,sales,38.75,2025-08-17,Revenue from sale 151,2025-08
152,2,152.0,,revenue,sales,56.8,2025-09-17,Revenue from sale 152,2025-09
153,1,153.0,,revenue,sales,41.42,2025-08-27,Revenue from sale 153,2025-08
154,5,154.0,,revenue,sales,28.68,2025-12-12,Revenue from sale 154,2025-12
155,3,155.0,,revenue,sales,31.72,2025-09-09,Revenue from sale 155,2025-09
156,3,156.0,,revenue,sales,37.92,2025-03-02,Revenue from sale 156,2025-03
157,2,157.0,,revenue,sales,31.03,2025-10-30,Revenue from sale 157,2025-10
158,2,158.0,,revenue,sales,16.0,2025-03-23,Revenue from sale 158,2025-03
159,1,159.0,,revenue,sales,15.61,2025-12-23,Revenue from sale 159,2025-12
160,3,160.0,,revenue,sales,41.67,2025-05-04,Revenue from sale 160,2025-05
161,2,161.0,,revenue,sales,16.8,2025-07-15,Revenue from sale 161,2025-07
162,5,162.0,,revenue,sales,35.71,2025-12-06,Revenue from sale 162,2025-12
163,3,163.0,,revenue,sales,24.13,2025-10-25,Revenue from sale 163,2025-10
164,5,164.0,,revenue,sales,51.4,2025-12-10,Revenue from sale 164,2025-12
165,5,165.0,,revenue,sales,41.77,2025-12-23,Revenue from sale 165,2025-12
166,3,166.0,,revenue,sales,33.28,2025-03-26,Revenue from sale 166,2025-03
167,5,167.0,,revenue,sales,27.6,2025-10-25,Revenue from sale 167,2025-10
168,4,168.0,,revenue,sales,42.48,2025-12-26,Revenue from sale 168,2025-12
169,4,169.0,,revenue,sales,9.94,2025-08-23,Revenue from sale 169,2025-08
170,1,170.0,,revenue,sales,27.47,2025-05-19,Revenue from sale 170,2025-05
171,5,171.0,,revenue,sales,20.81,2025-07-17,Revenue from sale 171,2025-07
172,1,172.0,,revenue,sales,44.14,2025-07-24,Revenue from sale 172,2025-07
173,4,173.0,,revenue,sales,10.89,2025-12-10,Revenue from sale 173,2025-12
174,1,174.0,,revenue,sales,86.79,2025-09-06,Revenue from sale 174,2025-09
175,4,175.0,,revenue,sales,70.26,2025-05-03,Revenue from sale 175,2025-05
176,4,176.0,,revenue,sales,22.84,2025-11-27,Revenue from sale 176,2025-11
177,4,177.0,,revenue,sales,60.89,2025-10-18,Revenue from sale 177,2025-10
178,1,178.0,,revenue,sales,46.28,2025-04-30,Revenue from sale 178,2025-04
179,3,179.0,,revenue,sales,13.65,2025-02-14,Revenue from sale 179,2025-02
180,4,180.0,,revenue,sales,32.85,2025-05-16,Revenue from sale 180,2025-05
181,1,181.0,,revenue,sales,12.5,2025-04-29,Revenue from sale 181,2025-04
182,4,182.0,,revenue,sales,50.09,2025-06-21,Revenue from sale 182,2025-06
183,5,183.0,,revenue,sales,81.63,2025-11-09,Revenue from sale 183,2025-11
184,1,184.0,,revenue,sales,19.83,2025-08-02,Revenue from sale 184,2025-08
185,2,185.0,,revenue,sales,23.55,2025-12-23,Revenue from sale 185,2025-12
186,3,186.0,,revenue,sales,11.29,2025-04-01,Revenue from sale 186,2025-04
187,1,187.0,,revenue,sales,18.97,2025-08-09,Revenue from sale 187,2025-08
188,1,188.0,,revenue,sales,30.05,2025-05-16,Revenue from sale 188,2025-05
189,5,189.0,,revenue,sales,53.32,2025-08-29,Revenue from sale 189,2025-08
190,4,190.0,,revenue,sales,17.35,2025-08-07,Revenue from sale 190,2025-08
191,3,191.0,,revenue,sales,33.72,2025-05-17,Revenue from sale 191,2025-05
192,5,192.0,,revenue,sales,84.87,2025-12-21,Revenue from sale 192,2025-12
193,1,193.0,,revenue,sales,30.63,2025-07-12,Revenue from sale 193,2025-07
194,5,194.0,,revenue,sales,62.25,2025-10-18,Revenue from sale 194,2025-10
195,5,195.0,,revenue,sales,44.64,2025-07-27,Revenue from sale 195,2025-07
196,5,196.0,,revenue,sales,13.65,2025-08-28,Revenue from sale 196,2025-08
197,4,197.0,,revenue,sales,36.18,2025-11-27,Revenue from sale 197,2025-11
198,3,198.0,,revenue,sales,16.14,2025-04-02,Revenue from sale 198,2025-04
199,1,199.0,,revenue,sales,19.49,2025-10-12,Revenue from sale 199,2025-10
200,4,200.0,,revenue,sales,38.75,2025-12-04,Revenue from sale 200,2025-12
201,2,201.0,,revenue,sales,12.18,2025-08-16,Revenue from sale 201,2025-08
202,3,202.0,,revenue,sales,62.42,2025-02-13,Revenue from sale 202,2025-02
203,2,203.0,,revenue,sales,29.85,2025-09-02,Revenue from sale 203,2025-09
204,5,204.0,,revenue,sales,17.2,2025-09-20,Revenue from sale 204,2025-09
205,4,205.0,,revenue,sales,15.36,2025-05-07,Revenue from sale 205,2025-05
206,2,206.0,,revenue,sales,43.34,2025-08-03,Revenue from sale 206,2025-08
207,4,207.0,,revenue,sales,61.61,2025-07-02,Revenue from sale 207,2025-07
208,4,208.0,,revenue,sales,26.73,2025-10-22,Revenue from sale 208,2025-10
209,2,209.0,,revenue,sales,19.18,2025-06-08,Revenue from sale 209,2025-06
210,1,210.0,,revenue,sales,17.82,2025-12-17,Revenue from sale 210,2025-12
211,1,211.0,,revenue,sales,31.76,2025-04-17,Revenue from sale 211,2025-04
212,3,212.0,,revenue,sales,41.05,2025-09-14,Revenue from sale 212,2025-09
213,1,213.0,,revenue,sales,37.33,2025-05-03,Revenue from sale 213,2025-05
214,3,214.0,,revenue,sales,63.87,2025-03-19,Revenue from sale 214,2025-03
215,2,215.0,,revenue,sales,32.91,2025-12-24,Revenue from sale 215,2025-12
216,3,216.0,,revenue,sales,52.59,2025-02-13,Revenue from sale 216,2025-02
217,3,217.0,,revenue,sales,44.42,2025-10-03,Revenue from sale 217,2025-10
218,5,218.0,,revenue,sales,31.97,2025-08-19,Revenue from sale 218,2025-08
219,5,219.0,,revenue,sales,14.88,2025-10-19,Revenue from sale 219,2025-10
220,4,220.0,,revenue,sales,37.89,2025-06-08,Revenue from sale 220,2025-06
221,4,221.0,,revenue,sales,25.84,2025-09-22,Revenue from sale 221,2025-09
222,4,222.0,,revenue,sales,12.66,2025-10-07,Revenue from sale 222,2025-10
223,2,223.0,,revenue,sales,60.81,2025-01-07,Revenue from sale 223,2025-01
224,3,224.0,,revenue,sales,44.78,2025-08-17,Revenue from sale 224,2025-08
225,2,225.0,,revenue,sales,22.54,2025-06-16,Revenue from sale 225,2025-06
226,4,226.0,,revenue,sales,17.67,2025-10-11,Revenue from sale 226,2025-10
227,3,227.0,,revenue,sales,24.93,2025-12-28,Revenue from sale 227,2025-12
228,2,228.0,,revenue,sales,19.91,2025-10-09,Revenue from sale 228,2025-10
229,3,229.0,,revenue,sales,21.08,2025-06-20,Revenue from sale 229,2025-06
230,3,230.0,,revenue,sales,32.43,2025-07-27,Revenue from sale 230,2025-07
231,3,231.0,,revenue,sales,15.06,2025-04-01,Revenue from sale 231,2025-04
232,3,232.0,,revenue,sales,38.14,2025-10-12,Revenue from sale 232,2025-10
233,5,233.0,,revenue,sales,29.78,2025-12-26,Revenue from sale 233,2025-12
234,3,234.0,,revenue,sales,16.22,2025-10-14,Revenue from sale 234,2025-10
235,5,235.0,,revenue,sales,15.05,2025-09-15,Revenue from sale 235,2025-09
236,1,236.0,,revenue,sales,15.9,2025-12-05,Revenue from sale 236,2025-12
237,1,237.0,,revenue,sales,57.07,2025-03-27,Revenue from sale 237,2025-03
238,2,238.0,,revenue,sales,35.46,2025-04-05,Revenue from sale 238,2025-04
239,4,239.0,,revenue,sales,66.81,2025-11-12,Revenue from sale 239,2025-11
240,4,240.0,,revenue,sales,50.72,2025-06-14,Revenue from sale 240,2025-06
241,5,241.0,,revenue,sales,43.04,2025-08-10,Revenue from sale 241,2025-08
242,3,242.0,,revenue,sales,7.73,2025-02-24,Revenue from sale 242,2025-02
243,4,243.0,,revenue,sales,40.39,2025-04-28,Revenue from sale 243,2025-04
244,3,244.0,,revenue,sales,30.64,2025-10-24,Revenue from sale 244,2025-10
245,4,245.0,,revenue,sales,12.96,2025-09-23,Revenue from sale 245,2025-09
246,5,246.0,,revenue,sales,16.93,2025-07-12,Revenue from sale 246,2025-07
247,3,247.0,,revenue,sales,42.28,2025-12-12,Revenue from sale 247,2025-12
248,2,248.0,,revenue,sales,28.43,2025-11-05,Revenue from sale 248,2025-11
249,5,249.0,,revenue,sales,16.52,2025-11-30,Revenue from sale 249,2025-11
250,4,250.0,,revenue,sales,47.76,2025-11-02,Revenue from sale 250,2025-11
251,2,251.0,,revenue,sales,29.05,2025-04-14,Revenue from sale 251,2025-04
252,3,252.0,,revenue,sales,42.03,2025-05-25,Revenue from sale 252,2025-05
253,4,253.0,,revenue,sales,34.68,2025-08-17,Revenue from sale 253,2025-08
254,4,254.0,,revenue,sales,15.08,2025-11-30,Revenue from sale 254,2025-11
255,4,255.0,,revenue,sales,31.89,2025-06-20,Revenue from sale 255,2025-06
256,3,256.0,,revenue,sales,49.32,2025-12-03,Revenue from sale 256,2025-12
257,3,257.0,,revenue,sales,34.12,2025-11-22,Revenue from sale 257,2025-11
258,3,258.0,,revenue,sales,43.51,2025-09-13,Revenue from sale 258,2025-09
259,4,259.0,,revenue,sales,21.38,2025-11-12,Revenue from sale 259,2025-11
260,4,260.0,,revenue,sales,15.63,2025-11-21,Revenue from sale 260,2025-11
261,4,261.0,,revenue,sales,54.91,2025-07-27,Revenue from sale 261,2025-07
262,4,262.0,,revenue,sales,21.67,2025-12-04,Revenue from sale 262,2025-12
263,5,263.0,,revenue,sales,29.81,2025-08-05,Revenue from sale 263,2025-08
264,4,264.0,,revenue,sales,34.56,2025-05-28,Revenue from sale 264,2025-05
265,5,265.0,,revenue,sales,15.11,2025-10-10,Revenue from sale 265,2025-10
266,1,266.0,,revenue,sales,11.91,2025-11-26,Revenue from sale 266,2025-11
267,3,267.0,,revenue,sales,26.01,2025-06-22,Revenue from sale 267,2025-06
268,4,268.0,,revenue,sales,20.51,2025-09-16,Revenue from sale 268,2025-09
269,5,269.0,,revenue,sales,20.51,2025-10-26,Revenue from sale 269,2025-10
270,4,270.0,,revenue,sales,39.08,2025-07-09,Revenue from sale 270,2025-07
271,2,271.0,,revenue,sales,54.25,2025-09-12,Revenue from sale 271,2025-09
272,2,272.0,,revenue,sales,33.71,2025-12-24,Revenue from sale 272,2025-12
273,5,273.0,,revenue,sales,43.18,2025-09-24,Revenue from sale 273,2025-09
274,2,274.0,,revenue,sales,20.54,2025-04-26,Revenue from sale 274,2025-04
275,4,275.0,,revenue,sales,34.22,2025-07-07,Revenue from sale 275,2025-07
276,1,276.0,,revenue,sales,19.46,2025-12-20,Revenue from sale 276,2025-12
277,5,277.0,,revenue,sales,46.35,2025-09-29,Revenue from sale 277,2025-09
278,4,278.0,,revenue,sales,30.37,2025-08-10,Revenue from sale 278,2025-08
279,3,279.0,,revenue,sales,35.91,2025-11-01,Revenue from sale 279,2025-11
280,4,280.0,,revenue,sales,27.21,2025-06-06,Revenue from sale 280,2025-06
281,3,281.0,,revenue,sales,29.27,2025-08-03,Revenue from sale 281,2025-08
282,5,282.0,,revenue,sales,41.57,2025-07-21,Revenue from sale 282,2025-07
283,5,283.0,,revenue,sales,20.1,2025-12-24,Revenue from sale 283,2025-12
284,2,284.0,,revenue,sales,65.3,2025-08-16,Revenue from sale 284,2025-08
285,3,285.0,,revenue,sales,17.43,2025-04-27,Revenue from sale 285,2025-04
286,5,286.0,,revenue,sales,27.09,2025-11-19,Revenue from sale 286,2025-11
287,4,287.0,,revenue,sales,42.86,2025-09-11,Revenue from sale 287,2025-09
288,3,288.0,,revenue,sales,17.98,2025-04-30,Revenue from sale 288,2025-04
289,5,289.0,,revenue,sales,19.76,2025-11-15,Revenue from sale 289,2025-11
290,5,290.0,,revenue,sales,13.41,2025-08-05,Revenue from sale 290,2025-08
291,4,291.0,,revenue,sales,10.99,2025-12-18,Revenue from sale 291,2025-12
292,3,292.0,,revenue,sales,32.25,2025-12-07,Revenue from sale 292,2025-12
293,5,293.0,,revenue,sales,38.36,2025-11-29,Revenue from sale 293,2025-11
294,5,294.0,,revenue,sales,45.17,2025-11-27,Revenue from sale 294,2025-11
295,5,295.0,,revenue,sales,42.35,2025-10-26,Revenue from sale 295,2025-10
296,2,296.0,,revenue,sales,20.12,2025-06-19,Revenue from sale 296,2025-06
297,2,297.0,,revenue,sales,28.12,2025-08-04,Revenue from sale 297,2025-08
298,1,298.0,,revenue,sales,18.06,2025-08-03,Revenue from sale 298,2025-08
299,2,299.0,,revenue,sales,19.79,2025-06-10,Revenue from sale 299,2025-06
300,4,300.0,,revenue,sales,17.98,2025-06-03,Revenue from sale 300,2025-06
301,2,301.0,,revenue,sales,35.55,2025-02-26,Revenue from sale 301,2025-02
302,3,302.0,,revenue,sales,36.23,2025-02-10,Revenue from sale 302,2025-02
303,2,303.0,,revenue,sales,29.86,2025-06-08,Revenue from sale 303,2025-06
304,3,304.0,,revenue,sales,36.45,2025-03-06,Revenue from sale 304,2025-03
305,5,305.0,,revenue,sales,34.05,2025-12-09,Revenue from sale 305,2025-12
306,3,306.0,,revenue,sales,21.23,2025-11-03,Revenue from sale 306,2025-11
307,1,307.0,,revenue,sales,61.94,2025-03-22,Revenue from sale 307,2025-03
308,2,308.0,,revenue,sales,30.25,2025-02-06,Revenue from sale 308,2025-02
309,3,309.0,,revenue,sales,24.87,2025-06-15,Revenue from sale 309,2025-06
310,5,310.0,,revenue,sales,23.92,2025-11-03,Revenue from sale 310,2025-11
311,3,311.0,,revenue,sales,22.26,2025-12-19,Revenue from sale 311,2025-12
312,3,312.0,,revenue,sales,26.88,2025-03-02,Revenue from sale 312,2025-03
313,2,313.0,,revenue,sales,12.98,2025-10-04,Revenue from sale 313,2025-10
314,5,314.0,,revenue,sales,37.22,2025-12-27,Revenue from sale 314,2025-12
315,5,315.0,,revenue,sales,31.36,2025-07-22,Revenue from sale 315,2025-07
316,5,316.0,,revenue,sales,50.78,2025-10-28,Revenue from sale 316,2025-10
317,5,317.0,,revenue,sales,27.69,2025-12-20,Revenue from sale 317,2025-12
318,1,318.0,,revenue,sales,26.34,2025-05-11,Revenue from sale 318,2025-05
319,5,319.0,,revenue,sales,66.39,2025-10-12,Revenue from sale 319,2025-10
320,5,320.0,,revenue,sales,26.52,2025-08-19,Revenue from sale 320,2025-08
321,3,321.0,,revenue,sales,42.76,2025-11-09,Revenue from sale 321,2025-11
322,1,322.0,,revenue,sales,20.84,2025-02-08,Revenue from sale 322,2025-02
323,2,323.0,,revenue,sales,35.96,2025-03-12,Revenue from sale 323,2025-03
324,3,324.0,,revenue,sales,27.59,2025-12-28,Revenue from sale 324,2025-12
325,3,325.0,,revenue,sales,28.48,2025-03-09,Revenue from sale 325,2025-03
326,1,326.0,,revenue,sales,32.54,2025-03-16,Revenue from sale 326,2025-03
327,2,327.0,,revenue,sales,39.55,2025-08-03,Revenue from sale 327,2025-08
328,5,328.0,,revenue,sales,43.9,2025-09-27,Revenue from sale 328,2025-09
329,2,329.0,,revenue,sales,36.04,2025-12-31,Revenue from sale 329,2025-12
330,4,330.0,,revenue,sales,33.64,2025-10-10,Revenue from sale 330,2025-10
331,1,331.0,,revenue,sales,12.72,2025-07-23,Revenue from sale 331,2025-07
332,3,332.0,,revenue,sales,38.12,2025-05-02,Revenue from sale 332,2025-05
333,3,333.0,,revenue,sales,13.84,2025-12-15,Revenue from sale 333,2025-12
334,4,334.0,,revenue,sales,14.48,2025-07-16,Revenue from sale 334,2025-07
335,3,335.0,,revenue,sales,22.75,2025-07-27,Revenue from sale 335,2025-07
336,1,336.0,,revenue,sales,17.63,2025-09-13,Revenue from sale 336,2025-09
337,5,337.0,,revenue,sales,14.74,2025-11-16,Revenue from sale 337,2025-11
338,2,338.0,,revenue,sales,20.64,2025-01-19,Revenue from sale 338,2025-01
339,3,339.0,,revenue,sales,23.03,2025-05-11,Revenue from sale 339,2025-05
340,5,340.0,,revenue,sales,28.68,2025-10-26,Revenue from sale 340,2025-10
341,1,341.0,,revenue,sales,28.55,2025-12-24,Revenue from sale 341,2025-12
342,1,342.0,,revenue,sales,29.44,2025-06-07,Revenue from sale 342,2025-06
343,5,343.0,,revenue,sales,27.58,2025-07-25,Revenue from sale 343,2025-07
344,3,344.0,,revenue,sales,70.99,2025-09-14,Revenue from sale 344,2025-09
345,4,345.0,,revenue,sales,24.24,2025-09-21,Revenue from sale 345,2025-09
346,1,346.0,,revenue,sales,33.53,2025-11-25,Revenue from sale 346,2025-11
347,3,347.0,,revenue,sales,23.32,2025-11-30,Revenue from sale 347,2025-11
348,2,348.0,,revenue,sales,16.65,2025-07-16,Revenue from sale 348,2025-07
349,3,349.0,,revenue,sales,23.24,2025-11-23,Revenue from sale 349,2025-11
350,1,350.0,,revenue,sales,61.01,2025-02-11,Revenue from sale 350,2025-02
351,2,351.0,,revenue,sales,56.3,2025-07-10,Revenue from sale 351,2025-07
352,1,352.0,,revenue,sales,14.34,2025-09-25,Revenue from sale 352,2025-09
353,5,353.0,,revenue,sales,15.1,2025-12-06,Revenue from sale 353,2025-12
354,5,354.0,,revenue,sales,48.0,2025-09-13,Revenue from sale 354,2025-09
355,1,355.0,,revenue,sales,48.6,2025-12-22,Revenue from sale 355,2025-12
356,3,356.0,,revenue,sales,19.03,2025-10-10,Revenue from sale 356,2025-10
357,5,357.0,,revenue,sales,36.59,2025-07-08,Revenue from sale 357,2025-07
358,5,358.0,,revenue,sales,25.67,2025-08-11,Revenue from sale 358,2025-08
359,1,359.0,,revenue,sales,16.78,2025-06-21,Revenue from sale 359,2025-06
360,3,360.0,,revenue,sales,23.28,2025-02-02,Revenue from sale 360,2025-02
361,5,361.0,,revenue,sales,27.81,2025-08-10,Revenue from sale 361,2025-08
362,5,362.0,,revenue,sales,29.94,2025-12-08,Revenue from sale 362,2025-12
363,2,363.0,,revenue,sales,19.07,2025-12-06,Revenue from sale 363,2025-12
364,3,364.0,,revenue,sales,6.02,2025-04-20,Revenue from sale 364,2025-04
365,1,365.0,,revenue,sales,34.56,2025-03-06,Revenue from sale 365,2025-03
366,4,366.0,,revenue,sales,19.51,2025-09-05,Revenue from sale 366,2025-09
367,1,367.0,,revenue,sales,57.31,2025-08-12,Revenue from sale 367,2025-08
368,3,368.0,,revenue,sales,16.6,2025-12-09,Revenue from sale 368,2025-12
369,4,369.0,,revenue,sales,35.42,2025-05-03,Revenue from sale 369,2025-05
370,5,370.0,,revenue,sales,41.75,2025-07-06,Revenue from sale 370,2025-07
371,5,371.0,,revenue,sales,35.32,2025-07-28,Revenue from sale 371,2025-07
372,3,372.0,,revenue,sales,41.49,2025-08-03,Revenue from sale 372,2025-08
373,4,373.0,,revenue,sales,38.41,2025-12-07,Revenue from sale 373,2025-12
374,3,374.0,,revenue,sales,17.39,2025-12-03,Revenue from sale 374,2025-12
375,5,375.0,,revenue,sales,30.45,2025-12-30,Revenue from sale 375,2025-12
376,2,376.0,,revenue,sales,43.92,2025-10-30,Revenue from sale 376,2025-10
377,5,377.0,,revenue,sales,59.36,2025-09-28,Revenue from sale 377,2025-09
378,1,378.0,,revenue,sales,33.45,2025-12-31,Revenue from sale 378,2025-12
379,4,379.0,,revenue,sales,18.1,2025-04-27,Revenue from sale 379,2025-04
380,2,380.0,,revenue,sales,17.47,2025-11-30,Revenue from sale 380,2025-11
381,4,381.0,,revenue,sales,42.09,2025-07-04,Revenue from sale 381,2025-07
382,4,382.0,,revenue,sales,16.43,2025-12-28,Revenue from sale 382,2025-12
383,4,383.0,,revenue,sales,28.22,2025-07-17,Revenue from sale 383,2025-07
384,3,384.0,,revenue,sales,28.06,2025-03-15,Revenue from sale 384,2025-03
385,2,385.0,,revenue,sales,44.25,2025-08-31,Revenue from sale 385,2025-08
386,5,386.0,,revenue,sales,43.48,2025-09-13,Revenue from sale 386,2025-09
387,2,387.0,,revenue,sales,79.15,2025-03-09,Revenue from sale 387,2025-03
388,2,388.0,,revenue,sales,14.76,2025-12-28,Revenue from sale 388,2025-12
389,5,389.0,,revenue,sales,27.84,2025-07-13,Revenue from sale 389,2025-07
390,1,390.0,,revenue,sales,28.56,2025-05-25,Revenue from sale 390,2025-05
391,5,391.0,,revenue,sales,40.49,2025-12-25,Revenue from sale 391,2025-12
392,5,392.0,,revenue,sales,30.2,2025-12-19,Revenue from sale 392,2025-12
393,1,393.0,,revenue,sales,20.56,2025-11-02,Revenue from sale 393,2025-11
394,2,394.0,,revenue,sales,13.39,2025-05-11,Revenue from sale 394,2025-05
395,1,395.0,,revenue,sales,45.91,2025-08-18,Revenue from sale 395,2025-08
396,4,396.0,,revenue,sales,17.16,2025-04-27,Revenue from sale 396,2025-04
397,3,397.0,,revenue,sales,20.23,2025-05-24,Revenue from sale 397,2025-05
398,5,398.0,,revenue,sales,13.11,2025-07-19,Revenue from sale 398,2025-07
399,4,399.0,,revenue,sales,19.79,2025-08-31,Revenue from sale 399,2025-08
400,2,400.0,,revenue,sales,57.85,2025-12-15,Revenue from sale 400,2025-12
401,2,401.0,,revenue,sales,8.73,2025-07-01,Revenue from sale 401,2025-07
402,5,402.0,,revenue,sales,23.64,2025-08-06,Revenue from sale 402,2025-08
403,1,403.0,,revenue,sales,13.59,2025-04-28,Revenue from sale 403,2025-04
404,5,404.0,,revenue,sales,31.18,2025-07-11,Revenue from sale 404,2025-07
405,5,405.0,,revenue,sales,53.14,2025-10-06,Revenue from sale 405,2025-10
406,2,406.0,,revenue,sales,31.51,2025-05-02,Revenue from sale 406,2025-05
407,5,407.0,,revenue,sales,20.25,2025-08-09,Revenue from sale 407,2025-08
408,2,408.0,,revenue,sales,15.23,2025-11-01,Revenue from sale 408,2025-11
409,2,409.0,,revenue,sales,46.04,2025-12-07,Revenue from sale 409,2025-12
410,5,410.0,,revenue,sales,16.68,2025-11-09,Revenue from sale 410,2025-11
411,5,411.0,,revenue,sales,37.61,2025-11-03,Revenue from sale 411,2025-11
412,5,412.0,,revenue,sales,26.75,2025-08-06,Revenue from sale 412,2025-08
413,4,413.0,,revenue,sales,57.45,2025-05-15,Revenue from sale 413,2025-05
414,2,414.0,,revenue,sales,25.18,2025-05-04,Revenue from sale 414,2025-05
415,3,415.0,,revenue,sales,72.89,2025-04-27,Revenue from sale 415,2025-04
416,5,416.0,,revenue,sales,48.45,2025-08-09,Revenue from sale 416,2025-08
417,5,417.0,,revenue,sales,55.7,2025-08-05,Revenue from sale 417,2025-08
418,4,418.0,,revenue,sales,32.4,2025-08-08,Revenue from sale 418,2025-08
419,2,419.0,,revenue,sales,22.43,2025-05-01,Revenue from sale 419,2025-05
420,5,420.0,,revenue,sales,32.4,2025-12-20,Revenue from sale 420,2025-12
421,5,421.0,,revenue,sales,40.65,2025-10-05,Revenue from sale 421,2025-10
422,5,422.0,,revenue,sales,24.17,2025-07-14,Revenue from sale 422,2025-07
423,1,423.0,,revenue,sales,53.93,2025-09-14,Revenue from sale 423,2025-09
424,1,424.0,,revenue,sales,37.32,2025-12-02,Revenue from sale 424,2025-12
425,4,425.0,,revenue,sales,55.91,2025-11-30,Revenue from sale 425,2025-11
426,4,426.0,,revenue,sales,20.69,2025-07-25,Revenue from sale 426,2025-07
427,2,427.0,,revenue,sales,10.84,2025-12-27,Revenue from sale 427,2025-12
428,3,428.0,,revenue,sales,18.28,2025-03-08,Revenue from sale 428,2025-03
429,4,429.0,,revenue,sales,29.52,2025-08-06,Revenue from sale 429,2025-08
430,1,430.0,,revenue,sales,59.29,2025-08-23,Revenue from sale 430,2025-08
431,5,431.0,,revenue,sales,28.96,2025-09-28,Revenue from sale 431,2025-09
432,2,432.0,,revenue,sales,17.39,2025-03-15,Revenue from sale 432,2025-03
433,3,433.0,,revenue,sales,95.68,2025-11-21,Revenue from sale 433,2025-11
434,1,434.0,,revenue,sales,27.92,2025-09-01,Revenue from sale 434,2025-09
435,2,435.0,,revenue,sales,20.59,2025-05-08,Revenue from sale 435,2025-05
436,1,436.0,,revenue,sales,26.48,2025-03-20,Revenue from sale 436,2025-03
437,1,437.0,,revenue,sales,30.67,2025-06-01,Revenue from sale 437,2025-06
438,4,438.0,,revenue,sales,28.69,2025-11-05,Revenue from sale 438,2025-11
439,1,439.0,,revenue,sales,28.24,2025-01-26,Revenue from sale 439,2025-01
440,5,440.0,,revenue,sales,54.53,2025-08-30,Revenue from sale 440,2025-08
441,1,441.0,,revenue,sales,20.28,2025-08-23,Revenue from sale 441,2025-08
442,2,442.0,,revenue,sales,30.88,2025-03-08,Revenue from sale 442,2025-03
443,5,443.0,,revenue,sales,57.4,2025-08-02,Revenue from sale 443,2025-08
444,3,444.0,,revenue,sales,34.03,2025-08-29,Revenue from sale 444,2025-08
445,5,445.0,,revenue,sales,43.71,2025-12-19,Revenue from sale 445,2025-12
446,1,446.0,,revenue,sales,28.39,2025-01-08,Revenue from sale 446,2025-01
447,4,447.0,,revenue,sales,28.43,2025-08-10,Revenue from sale 447,2025-08
448,5,448.0,,revenue,sales,30.86,2025-07-14,Revenue from sale 448,2025-07
449,5,449.0,,revenue,sales,52.37,2025-11-07,Revenue from sale 449,2025-11
450,5,450.0,,revenue,sales,76.58,2025-10-04,Revenue from sale 450,2025-10
451,3,451.0,,revenue,sales,18.6,2025-12-27,Revenue from sale 451,2025-12
452,2,452.0,,revenue,sales,25.92,2025-04-26,Revenue from sale 452,2025-04
453,1,453.0,,revenue,sales,19.83,2025-07-26,Revenue from sale 453,2025-07
454,4,454.0,,revenue,sales,46.41,2025-07-01,Revenue from sale 454,2025-07
455,3,455.0,,revenue,sales,16.96,2025-05-27,Revenue from sale 455,2025-05
456,4,456.0,,revenue,sales,27.72,2025-05-16,Revenue from sale 456,2025-05
457,5,457.0,,revenue,sales,25.58,2025-12-20,Revenue from sale 457,2025-12
458,5,458.0,,revenue,sales,33.58,2025-12-02,Revenue from sale 458,2025-12
459,2,459.0,,revenue,sales,8.55,2025-02-04,Revenue from sale 459,2025-02
460,5,460.0,,revenue,sales,33.02,2025-07-14,Revenue from sale 460,2025-07
461,5,461.0,,revenue,sales,15.93,2025-11-29,Revenue from sale 461,2025-11
462,1,462.0,,revenue,sales,16.92,2025-12-18,Revenue from sale 462,2025-12
463,1,463.0,,revenue,sales,44.07,2025-02-01,Revenue from sale 463,2025-02
464,4,464.0,,revenue,sales,15.09,2025-08-16,Revenue from sale 464,2025-08
465,1,465.0,,revenue,sales,38.89,2025-03-09,Revenue from sale 465,2025-03
466,4,466.0,,revenue,sales,20.95,2025-05-31,Revenue from sale 466,2025-05
467,3,467.0,,revenue,sales,13.67,2025-11-11,Revenue from sale 467,2025-11
468,5,468.0,,revenue,sales,19.27,2025-11-19,Revenue from sale 468,2025-11
469,1,469.0,,revenue,sales,18.79,2025-01-25,Revenue from sale 469,2025-01
470,4,470.0,,revenue,sales,14.65,2025-08-05,Revenue from sale 470,2025-08
471,5,471.0,,revenue,sales,13.65,2025-11-08,Revenue from sale 471,2025-11
472,4,472.0,,revenue,sales,11.91,2025-10-12,Revenue from sale 472,2025-10
473,5,473.0,,revenue,sales,33.2,2025-09-10,Revenue from sale 473,2025-09
474,1,474.0,,revenue,sales,18.47,2025-09-16,Revenue from sale 474,2025-09
475,5,475.0,,revenue,sales,31.3,2025-12-24,Revenue from sale 475,2025-12
476,1,476.0,,revenue,sales,22.75,2025-10-04,Revenue from sale 476,2025-10
477,2,477.0,,revenue,sales,72.49,2025-12-28,Revenue from sale 477,2025-12
478,4,478.0,,revenue,sales,29.22,2025-05-30,Revenue from sale 478,2025-05
479,3,479.0,,revenue,sales,11.9,2025-03-14,Revenue from sale 479,2025-03
480,2,480.0,,revenue,sales,46.44,2025-08-16,Revenue from sale 480,2025-08
481,5,481.0,,revenue,sales,70.26,2025-07-13,Revenue from sale 481,2025-07
482,5,482.0,,revenue,sales,35.72,2025-09-19,Revenue from sale 482,2025-09
483,4,483.0,,revenue,sales,26.14,2025-09-25,Revenue from sale 483,2025-09
484,4,484.0,,revenue,sales,55.53,2025-08-17,Revenue from sale 484,2025-08
485,5,485.0,,revenue,sales,34.94,2025-08-30,Revenue from sale 485,2025-08
486,2,486.0,,revenue,sales,35.23,2025-10-25,Revenue from sale 486,2025-10
487,4,487.0,,revenue,sales,21.27,2025-12-26,Revenue from sale 487,2025-12
488,3,488.0,,revenue,sales,35.65,2025-01-22,Revenue from sale 488,2025-01
489,3,489.0,,revenue,sales,25.55,2025-06-30,Revenue from sale 489,2025-06
490,3,490.0,,revenue,sales,23.27,2025-10-21,Revenue from sale 490,2025-10
491,2,491.0,,revenue,sales,53.87,2025-01-01,Revenue from sale 491,2025-01
492,5,492.0,,revenue,sales,43.42,2025-10-25,Revenue from sale 492,2025-10
493,4,493.0,,revenue,sales,16.55,2025-05-12,Revenue from sale 493,2025-05
494,5,494.0,,revenue,sales,18.98,2025-08-24,Revenue from sale 494,2025-08
495,2,495.0,,revenue,sales,27.71,2025-04-22,Revenue from sale 495,2025-04
496,5,496.0,,revenue,sales,27.18,2025-07-29,Revenue from sale 496,2025-07
497,2,497.0,,revenue,sales,64.01,2025-04-14,Revenue from sale 497,2025-04
498,1,498.0,,revenue,sales,96.9,2025-11-21,Revenue from sale 498,2025-11
499,1,499.0,,revenue,sales,59.55,2025-06-13,Revenue from sale 499,2025-06
500,4,500.0,,revenue,sales,27.27,2025-09-13,Revenue from sale 500,2025-09
501,5,501.0,,revenue,sales,20.36,2025-07-27,Revenue from sale 501,2025-07
502,2,502.0,,revenue,sales,11.15,2025-06-05,Revenue from sale 502,2025-06
503,5,503.0,,revenue,sales,34.81,2025-11-11,Revenue from sale 503,2025-11
504,5,504.0,,revenue,sales,17.59,2025-08-20,Revenue from sale 504,2025-08
505,1,505.0,,revenue,sales,18.55,2025-03-24,Revenue from sale 505,2025-03
506,3,506.0,,revenue,sales,45.38,2025-08-31,Revenue from sale 506,2025-08
507,1,507.0,,revenue,sales,29.17,2025-03-17,Revenue from sale 507,2025-03
508,5,508.0,,revenue,sales,54.21,2025-10-06,Revenue from sale 508,2025-10
509,3,509.0,,revenue,sales,49.11,2025-07-18,Revenue from sale 509,2025-07
510,5,510.0,,revenue,sales,31.53,2025-09-14,Revenue from sale 510,2025-09
511,3,511.0,,revenue,sales,37.34,2025-03-23,Revenue from sale 511,2025-03
512,4,512.0,,revenue,sales,33.56,2025-10-28,Revenue from sale 512,2025-10
513,4,513.0,,revenue,sales,9.45,2025-07-02,Revenue from sale 513,2025-07
514,1,514.0,,revenue,sales,17.25,2025-01-05,Revenue from sale 514,2025-01
515,5,515.0,,revenue,sales,26.9,2025-09-14,Revenue from sale 515,2025-09
516,1,516.0,,revenue,sales,14.23,2025-07-05,Revenue from sale 516,2025-07
517,4,517.0,,revenue,sales,17.7,2025-12-06,Revenue from sale 517,2025-12
518,1,518.0,,revenue,sales,25.63,2025-06-16,Revenue from sale 518,2025-06
519,3,519.0,,revenue,sales,17.29,2025-09-04,Revenue from sale 519,2025-09
520,2,520.0,,revenue,sales,71.69,2025-09-02,Revenue from sale 520,2025-09
521,5,521.0,,revenue,sales,33.86,2025-12-14,Revenue from sale 521,2025-12
522,5,522.0,,revenue,sales,39.05,2025-09-30,Revenue from sale 522,2025-09
523,2,523.0,,revenue,sales,15.1,2025-09-21,Revenue from sale 523,2025-09
524,1,524.0,,revenue,sales,16.11,2025-09-12,Revenue from sale 524,2025-09
525,4,525.0,,revenue,sales,20.74,2025-04-21,Revenue from sale 525,2025-04
526,2,526.0,,revenue,sales,82.63,2025-06-29,Revenue from sale 526,2025-06
527,3,527.0,,revenue,sales,14.59,2025-01-15,Revenue from sale 527,2025-01
528,5,528.0,,revenue,sales,20.08,2025-10-03,Revenue from sale 528,2025-10
529,3,529.0,,revenue,sales,43.21,2025-08-17,Revenue from sale 529,2025-08
530,3,530.0,,revenue,sales,37.25,2025-03-09,Revenue from sale 530,2025-03
531,5,531.0,,revenue,sales,18.17,2025-11-25,Revenue from sale 531,2025-11
532,3,532.0,,revenue,sales,19.66,2025-06-20,Revenue from sale 532,2025-06
533,3,533.0,,revenue,sales,37.91,2025-07-02,Revenue from sale 533,2025-07
534,1,534.0,,revenue,sales,42.9,2025-07-10,Revenue from sale 534,2025-07
535,5,535.0,,revenue,sales,20.16,2025-07-27,Revenue from sale 535,2025-07
536,1,536.0,,revenue,sales,34.52,2025-07-07,Revenue from sale 536,2025-07
537,2,537.0,,revenue,sales,19.76,2025-09-23,Revenue from sale 537,2025-09
538,3,538.0,,revenue,sales,31.35,2025-09-07,Revenue from sale 538,2025-09
539,4,539.0,,revenue,sales,37.19,2025-08-12,Revenue from sale 539,2025-08
540,1,540.0,,revenue,sales,62.02,2025-10-25,Revenue from sale 540,2025-10
541,4,541.0,,revenue,sales,20.89,2025-07-01,Revenue from sale 541,2025-07
542,1,542.0,,revenue,sales,20.48,2025-02-16,Revenue from sale 542,2025-02
543,2,543.0,,revenue,sales,15.09,2025-12-18,Revenue from sale 543,2025-12
544,2,544.0,,revenue,sales,39.78,2025-05-22,Revenue from sale 544,2025-05
545,4,545.0,,revenue,sales,28.06,2025-12-27,Revenue from sale 545,2025-12
546,3,546.0,,revenue,sales,16.4,2025-02-20,Revenue from sale 546,2025-02
547,3,547.0,,revenue,sales,86.97,2025-12-21,Revenue from sale 547,2025-12
548,4,548.0,,revenue,sales,29.08,2025-10-23,Revenue from sale 548,2025-10
549,1,549.0,,revenue,sales,27.81,2025-04-27,Revenue from sale 549,2025-04
550,3,550.0,,revenue,sales,20.16,2025-01-19,Revenue from sale 550,2025-01
551,3,551.0,,revenue,sales,43.02,2025-02-09,Revenue from sale 551,2025-02
552,4,552.0,,revenue,sales,15.14,2025-10-18,Revenue from sale 552,2025-10
553,1,553.0,,revenue,sales,50.21,2025-04-20,Revenue from sale 553,2025-04
554,3,554.0,,revenue,sales,14.2,2025-01-17,Revenue from sale 554,2025-01
555,3,555.0,,revenue,sales,15.46,2025-05-04,Revenue from sale 555,2025-05
556,3,556.0,,revenue,sales,10.74,2025-09-28,Revenue from sale 556,2025-09
557,1,557.0,,revenue,sales,42.57,2025-02-21,Revenue from sale 557,2025-02
558,4,558.0,,revenue,sales,28.3,2025-04-15,Revenue from sale 558,2025-04
559,3,559.0,,revenue,sales,17.44,2025-01-28,Revenue from sale 559,2025-01
560,1,560.0,,revenue,sales,33.14,2025-11-24,Revenue from sale 560,2025-11
561,1,561.0,,revenue,sales,43.85,2025-02-04,Revenue from sale 561,2025-02
562,2,562.0,,revenue,sales,28.3,2025-01-27,Revenue from sale 562,2025-01
563,2,563.0,,revenue,sales,46.35,2025-04-24,Revenue from sale 563,2025-04
564,3,564.0,,revenue,sales,10.14,2025-04-20,Revenue from sale 564,2025-04
565,3,565.0,,revenue,sales,37.81,2025-04-02,Revenue from sale 565,2025-04
566,4,566.0,,revenue,sales,58.89,2025-09-06,Revenue from sale 566,2025-09
567,4,567.0,,revenue,sales,89.71,2025-08-18,Revenue from sale 567,2025-08
568,4,568.0,,revenue,sales,23.68,2025-12-19,Revenue from sale 568,2025-12
569,3,569.0,,revenue,sales,25.9,2025-03-25,Revenue from sale 569,2025-03
570,4,570.0,,revenue,sales,24.56,2025-11-13,Revenue from sale 570,2025-11
571,3,571.0,,revenue,sales,10.22,2025-07-13,Revenue from sale 571,2025-07
572,5,572.0,,revenue,sales,42.76,2025-07-28,Revenue from sale 572,2025-07
573,5,573.0,,revenue,sales,19.79,2025-10-25,Revenue from sale 573,2025-10
574,3,574.0,,revenue,sales,72.83,2025-10-14,Revenue from sale 574,2025-10
575,4,575.0,,revenue,sales,33.61,2025-09-14,Revenue from sale 575,2025-09
576,4,576.0,,revenue,sales,12.63,2025-04-27,Revenue from sale 576,2025-04
577,3,577.0,,revenue,sales,57.85,2025-05-08,Revenue from sale 577,2025-05
578,3,578.0,,revenue,sales,21.73,2025-05-05,Revenue from sale 578,2025-05
579,4,579.0,,revenue,sales,7.65,2025-05-31,Revenue from sale 579,2025-05
580,4,580.0,,revenue,sales,24.01,2025-07-18,Revenue from sale 580,2025-07
581,1,581.0,,revenue,sales,54.94,2025-09-28,Revenue from sale 581,2025-09
582,5,582.0,,revenue,sales,33.91,2025-12-02,Revenue from sale 582,2025-12
583,2,583.0,,revenue,sales,24.13,2025-04-06,Revenue from sale 583,2025-04
584,1,584.0,,revenue,sales,31.65,2025-11-01,Revenue from sale 584,2025-11
585,2,585.0,,revenue,sales,38.32,2025-08-02,Revenue from sale 585,2025-08
586,3,586.0,,revenue,sales,40.01,2025-06-03,Revenue from sale 586,2025-06
587,1,587.0,,revenue,sales,38.23,2025-02-12,Revenue from sale 587,2025-02
588,5,588.0,,revenue,sales,35.35,2025-10-18,Revenue from sale 588,2025-10
589,2,589.0,,revenue,sales,41.59,2025-03-25,Revenue from sale 589,2025-03
590,5,590.0,,revenue,sales,39.0,2025-07-30,Revenue from sale 590,2025-07
591,4,591.0,,revenue,sales,36.07,2025-12-22,Revenue from sale 591,2025-12
592,3,592.0,,revenue,sales,32.91,2025-02-19,Revenue from sale 592,2025-02
593,2,593.0,,revenue,sales,41.86,2025-02-12,Revenue from sale 593,2025-02
594,2,594.0,,revenue,sales,32.55,2025-02-09,Revenue from sale 594,2025-02
595,3,595.0,,revenue,sales,35.55,2025-04-23,Revenue from sale 595,2025-04
596,1,596.0,,revenue,sales,51.07,2025-07-10,Revenue from sale 596,2025-07
597,5,597.0,,revenue,sales,69.51,2025-11-09,Revenue from sale 597,2025-11
598,2,598.0,,revenue,sales,17.06,2025-04-20,Revenue from sale 598,2025-04
599,4,599.0,,revenue,sales,27.12,2025-04-27,Revenue from sale 599,2025-04
600,3,600.0,,revenue,sales,37.27,2025-10-03,Revenue from sale 600,2025-10
601,5,601.0,,revenue,sales,26.57,2025-08-20,Revenue from sale 601,2025-08
602,5,602.0,,revenue,sales,13.61,2025-12-08,Revenue from sale 602,2025-12
603,4,603.0,,revenue,sales,64.74,2025-09-08,Revenue from sale 603,2025-09
604,5,604.0,,revenue,sales,26.28,2025-08-23,Revenue from sale 604,2025-08
605,5,605.0,,revenue,sales,44.67,2025-10-28,Revenue from sale 605,2025-10
606,3,606.0,,revenue,sales,29.36,2025-12-15,Revenue from sale 606,2025-12
607,1,607.0,,revenue,sales,19.41,2025-10-17,Revenue from sale 607,2025-10
608,4,608.0,,revenue,sales,9.93,2025-09-08,Revenue from sale 608,2025-09
609,1,609.0,,revenue,sales,63.56,2025-11-16,Revenue from sale 609,2025-11
610,1,610.0,,revenue,sales,24.4,2025-01-19,Revenue from sale 610,2025-01
611,5,611.0,,revenue,sales,18.25,2025-09-28,Revenue from sale 611,2025-09
612,1,612.0,,revenue,sales,35.13,2025-12-27,Revenue from sale 612,2025-12
613,3,613.0,,revenue,sales,15.83,2025-06-09,Revenue from sale 613,2025-06
614,5,614.0,,revenue,sales,34.88,2025-10-19,Revenue from sale 614,2025-10
615,5,615.0,,revenue,sales,18.44,2025-07-26,Revenue from sale 615,2025-07
616,4,616.0,,revenue,sales,56.79,2025-08-01,Revenue from sale 616,2025-08
617,3,617.0,,revenue,sales,10.6,2025-09-01,Revenue from sale 617,2025-09
618,5,618.0,,revenue,sales,35.81,2025-09-14,Revenue from sale 618,2025-09
619,3,619.0,,revenue,sales,28.2,2025-07-02,Revenue from sale 619,2025-07
620,3,620.0,,revenue,sales,19.98,2025-02-03,Revenue from sale 620,2025-02
621,3,621.0,,revenue,sales,15.58,2025-05-21,Revenue from sale 621,2025-05
622,4,622.0,,revenue,sales,23.78,2025-07-16,Revenue from sale 622,2025-07
623,3,623.0,,revenue,sales,13.76,2025-03-26,Revenue from sale 623,2025-03
624,1,624.0,,revenue,sales,10.31,2025-07-11,Revenue from sale 624,2025-07
625,4,625.0,,revenue,sales,11.68,2025-06-27,Revenue from sale 625,2025-06
626,4,626.0,,revenue,sales,49.75,2025-04-19,Revenue from sale 626,2025-04
627,5,627.0,,revenue,sales,33.3,2025-09-02,Revenue from sale 627,2025-09
628,1,628.0,,revenue,sales,27.89,2025-12-07,Revenue from sale 628,2025-12
629,1,629.0,,revenue,sales,29.88,2025-02-21,Revenue from sale 629,2025-02
630,3,630.0,,revenue,sales,26.46,2025-04-17,Revenue from sale 630,2025-04
631,3,631.0,,revenue,sales,13.85,2025-02-09,Revenue from sale 631,2025-02
632,1,632.0,,revenue,sales,21.68,2025-06-22,Revenue from sale 632,2025-06
633,4,633.0,,revenue,sales,34.97,2025-09-07,Revenue from sale 633,2025-09
634,4,634.0,,revenue,sales,19.76,2025-11-25,Revenue from sale 634,2025-11
635,5,635.0,,revenue,sales,37.58,2025-09-22,Revenue from sale 635,2025-09
636,5,636.0,,revenue,sales,19.28,2025-12-31,Revenue from sale 636,2025-12
637,1,637.0,,revenue,sales,21.87,2025-03-26,Revenue from sale 637,2025-03
638,5,638.0,,revenue,sales,16.33,2025-12-21,Revenue from sale 638,2025-12
639,2,639.0,,revenue,sales,17.15,2025-02-02,Revenue from sale 639,2025-02
640,5,640.0,,revenue,sales,32.17,2025-09-22,Revenue from sale 640,2025-09
641,1,641.0,,revenue,sales,15.8,2025-03-30,Revenue from sale 641,2025-03
642,3,642.0,,revenue,sales,13.46,2025-04-10,Revenue from sale 642,2025-04
643,4,643.0,,revenue,sales,30.39,2025-09-20,Revenue from sale 643,2025-09
644,3,644.0,,revenue,sales,28.07,2025-12-02,Revenue from sale 644,2025-12
645,1,645.0,,revenue,sales,20.53,2025-03-09,Revenue from sale 645,2025-03
646,4,646.0,,revenue,sales,27.23,2025-11-23,Revenue from sale 646,2025-11
647,1,647.0,,revenue,sales,12.87,2025-08-07,Revenue from sale 647,2025-08
648,3,648.0,,revenue,sales,37.72,2025-12-30,Revenue from sale 648,2025-12
649,4,649.0,,revenue,sales,25.52,2025-05-17,Revenue from sale 649,2025-05
650,4,650.0,,revenue,sales,27.25,2025-08-29,Revenue from sale 650,2025-08
651,1,651.0,,revenue,sales,10.71,2025-06-28,Revenue from sale 651,2025-06
652,4,652.0,,revenue,sales,19.06,2025-11-19,Revenue from sale 652,2025-11
653,2,653.0,,revenue,sales,29.37,2025-04-02,Revenue from sale 653,2025-04
654,1,654.0,,revenue,sales,9.81,2025-06-18,Revenue from sale 654,2025-06
655,2,655.0,,revenue,sales,16.54,2025-06-30,Revenue from sale 655,2025-06
656,4,656.0,,revenue,sales,83.91,2025-12-19,Revenue from sale 656,2025-12
657,2,657.0,,revenue,sales,49.58,2025-01-19,Revenue from sale 657,2025-01
658,5,658.0,,revenue,sales,24.59,2025-09-28,Revenue from sale 658,2025-09
659,1,659.0,,revenue,sales,33.77,2025-05-04,Revenue from sale 659,2025-05
660,5,660.0,,revenue,sales,59.28,2025-08-02,Revenue from sale 660,2025-08
661,5,661.0,,revenue,sales,17.32,2025-08-16,Revenue from sale 661,2025-08
662,2,662.0,,revenue,sales,17.12,2025-01-16,Revenue from sale 662,2025-01
663,1,663.0,,revenue,sales,34.83,2025-06-30,Revenue from sale 663,2025-06
664,3,664.0,,revenue,sales,37.47,2025-11-30,Revenue from sale 664,2025-11
665,5,665.0,,revenue,sales,18.45,2025-10-23,Revenue from sale 665,2025-10
666,2,666.0,,revenue,sales,24.1,2025-01-07,Revenue from sale 666,2025-01
667,5,667.0,,revenue,sales,17.28,2025-09-20,Revenue from sale 667,2025-09
668,5,668.0,,revenue,sales,22.7,2025-12-06,Revenue from sale 668,2025-12
669,2,669.0,,revenue,sales,18.6,2025-12-03,Revenue from sale 669,2025-12
670,3,670.0,,revenue,sales,32.34,2025-06-07,Revenue from sale 670,2025-06
671,5,671.0,,revenue,sales,26.81,2025-10-14,Revenue from sale 671,2025-10
672,4,672.0,,revenue,sales,34.57,2025-04-24,Revenue from sale 672,2025-04
673,2,673.0,,revenue,sales,34.33,2025-12-28,Revenue from sale 673,2025-12
674,3,674.0,,revenue,sales,28.2,2025-05-13,Revenue from sale 674,2025-05
675,2,675.0,,revenue,sales,18.78,2025-04-07,Revenue from sale 675,2025-04
676,5,676.0,,revenue,sales,43.65,2025-08-30,Revenue from sale 676,2025-08
677,5,677.0,,revenue,sales,5.42,2025-12-25,Revenue from sale 677,2025-12
678,1,678.0,,revenue,sales,17.95,2025-06-19,Revenue from sale 678,2025-06
679,3,679.0,,revenue,sales,18.29,2025-07-07,Revenue from sale 679,2025-07
680,1,680.0,,revenue,sales,37.01,2025-03-09,Revenue from sale 680,2025-03
681,1,681.0,,revenue,sales,23.39,2025-05-10,Revenue from sale 681,2025-05
682,2,682.0,,revenue,sales,55.16,2025-05-27,Revenue from sale 682,2025-05
683,2,683.0,,revenue,sales,20.59,2025-08-27,Revenue from sale 683,2025-08
684,2,684.0,,revenue,sales,21.94,2025-09-04,Revenue from sale 684,2025-09
685,3,685.0,,revenue,sales,28.38,2025-12-03,Revenue from sale 685,2025-12
686,2,686.0,,revenue,sales,95.06,2025-10-08,Revenue from sale 686,2025-10
687,3,687.0,,revenue,sales,21.32,2025-10-18,Revenue from sale 687,2025-10
688,4,688.0,,revenue,sales,29.85,2025-04-19,Revenue from sale 688,2025-04
689,5,689.0,,revenue,sales,37.28,2025-07-12,Revenue from sale 689,2025-07
690,2,690.0,,revenue,sales,25.85,2025-05-24,Revenue from sale 690,2025-05
691,1,691.0,,revenue,sales,17.17,2025-04-27,Revenue from sale 691,2025-04
692,1,692.0,,revenue,sales,58.91,2025-02-22,Revenue from sale 692,2025-02
693,4,693.0,,revenue,sales,25.0,2025-07-06,Revenue from sale 693,2025-07
694,2,694.0,,revenue,sales,41.55,2025-11-11,Revenue from sale 694,2025-11
695,4,695.0,,revenue,sales,52.85,2025-10-16,Revenue from sale 695,2025-10
696,5,696.0,,revenue,sales,73.22,2025-09-20,Revenue from sale 696,2025-09
697,1,697.0,,revenue,sales,16.92,2025-11-29,Revenue from sale 697,2025-11
698,1,698.0,,revenue,sales,31.08,2025-03-02,Revenue from sale 698,2025-03
699,2,699.0,,revenue,sales,45.5,2025-03-12,Revenue from sale 699,2025-03
700,4,700.0,,revenue,sales,9.61,2025-05-14,Revenue from sale 700,2025-05
701,5,701.0,,revenue,sales,11.97,2025-07-02,Revenue from sale 701,2025-07
702,3,702.0,,revenue,sales,54.24,2025-02-07,Revenue from sale 702,2025-02
703,1,703.0,,revenue,sales,21.4,2025-12-24,Revenue from sale 703,2025-12
704,3,704.0,,revenue,sales,18.56,2025-09-06,Revenue from sale 704,2025-09
705,2,705.0,,revenue,sales,16.28,2025-04-06,Revenue from sale 705,2025-04
706,4,706.0,,revenue,sales,23.72,2025-06-12,Revenue from sale 706,2025-06
707,2,707.0,,revenue,sales,97.04,2025-02-14,Revenue from sale 707,2025-02
708,2,708.0,,revenue,sales,61.13,2025-06-17,Revenue from sale 708,2025-06
709,3,709.0,,revenue,sales,14.69,2025-07-20,Revenue from sale 709,2025-07
710,3,710.0,,revenue,sales,46.71,2025-11-23,Revenue from sale 710,2025-11
711,2,711.0,,revenue,sales,21.35,2025-06-13,Revenue from sale 711,2025-06
712,3,712.0,,revenue,sales,20.23,2025-04-29,Revenue from sale 712,2025-04
713,2,713.0,,revenue,sales,12.72,2025-06-09,Revenue from sale 713,2025-06
714,4,714.0,,revenue,sales,39.68,2025-07-13,Revenue from sale 714,2025-07
715,2,715.0,,revenue,sales,60.84,2025-06-29,Revenue from sale 715,2025-06
716,2,716.0,,revenue,sales,32.67,2025-12-17,Revenue from sale 716,2025-12
717,4,717.0,,revenue,sales,16.36,2025-08-31,Revenue from sale 717,2025-08
718,1,718.0,,revenue,sales,20.45,2025-12-20,Revenue from sale 718,2025-12
719,2,719.0,,revenue,sales,25.72,2025-12-20,Revenue from sale 719,2025-12
720,5,720.0,,revenue,sales,14.4,2025-12-20,Revenue from sale 720,2025-12
721,5,721.0,,revenue,sales,46.31,2025-09-01,Revenue from sale 721,2025-09
722,2,722.0,,revenue,sales,39.42,2025-10-02,Revenue from sale 722,2025-10
723,4,723.0,,revenue,sales,40.09,2025-10-11,Revenue from sale 723,2025-10
724,2,724.0,,revenue,sales,22.89,2025-04-04,Revenue from sale 724,2025-04
725,3,725.0,,revenue,sales,20.15,2025-06-19,Revenue from sale 725,2025-06
726,5,726.0,,revenue,sales,15.08,2025-08-15,Revenue from sale 726,2025-08
727,5,727.0,,revenue,sales,87.88,2025-10-14,Revenue from sale 727,2025-10
728,2,728.0,,revenue,sales,28.6,2025-12-07,Revenue from sale 728,2025-12
729,3,729.0,,revenue,sales,52.34,2025-03-31,Revenue from sale 729,2025-03
730,4,730.0,,revenue,sales,50.27,2025-12-19,Revenue from sale 730,2025-12
731,5,731.0,,revenue,sales,23.45,2025-12-04,Revenue from sale 731,2025-12
732,2,732.0,,revenue,sales,16.09,2025-08-04,Revenue from sale 732,2025-08
733,3,733.0,,revenue,sales,19.43,2025-09-21,Revenue from sale 733,2025-09
734,1,734.0,,revenue,sales,31.85,2025-03-02,Revenue from sale 734,2025-03
735,2,735.0,,revenue,sales,37.56,2025-01-25,Revenue from sale 735,2025-01
736,4,736.0,,revenue,sales,40.43,2025-11-04,Revenue from sale 736,2025-11
737,1,737.0,,revenue,sales,25.37,2025-05-22,Revenue from sale 737,2025-05
738,1,738.0,,revenue,sales,35.77,2025-03-02,Revenue from sale 738,2025-03
739,4,739.0,,revenue,sales,30.3,2025-10-23,Revenue from sale 739,2025-10
740,5,740.0,,revenue,sales,27.73,2025-07-31,Revenue from sale 740,2025-07
741,4,741.0,,revenue,sales,24.13,2025-11-14,Revenue from sale 741,2025-11
742,2,742.0,,revenue,sales,64.05,2025-10-17,Revenue from sale 742,2025-10
743,1,743.0,,revenue,sales,9.09,2025-10-04,Revenue from sale 743,2025-10
744,3,744.0,,revenue,sales,17.51,2025-09-06,Revenue from sale 744,2025-09
745,2,745.0,,revenue,sales,14.81,2025-11-23,Revenue from sale 745,2025-11
746,1,746.0,,revenue,sales,58.77,2025-07-21,Revenue from sale 746,2025-07
747,1,747.0,,revenue,sales,33.61,2025-03-09,Revenue from sale 747,2025-03
748,5,748.0,,revenue,sales,21.15,2025-08-12,Revenue from sale 748,2025-08
749,4,749.0,,revenue,sales,24.79,2025-05-02,Revenue from sale 749,2025-05
750,4,750.0,,revenue,sales,33.79,2025-11-09,Revenue from sale 750,2025-11
751,2,751.0,,revenue,sales,41.32,2025-10-11,Revenue from sale 751,2025-10
752,1,752.0,,revenue,sales,21.54,2025-10-20,Revenue from sale 752,2025-10
753,4,753.0,,revenue,sales,20.64,2025-12-29,Revenue from sale 753,2025-12
754,2,754.0,,revenue,sales,16.91,2025-03-02,Revenue from sale 754,2025-03
755,3,755.0,,revenue,sales,20.32,2025-12-06,Revenue from sale 755,2025-12
756,3,756.0,,revenue,sales,52.19,2025-01-31,Revenue from sale 756,2025-01
757,2,757.0,,revenue,sales,56.83,2025-05-11,Revenue from sale 757,2025-05
758,3,758.0,,revenue,sales,25.03,2025-03-01,Revenue from sale 758,2025-03
759,5,759.0,,revenue,sales,46.21,2025-09-10,Revenue from sale 759,2025-09
760,1,760.0,,revenue,sales,38.22,2025-09-25,Revenue from sale 760,2025-09
761,4,761.0,,revenue,sales,17.03,2025-08-14,Revenue from sale 761,2025-08
762,1,762.0,,revenue,sales,41.11,2025-01-25,Revenue from sale 762,2025-01
763,5,763.0,,revenue,sales,29.65,2025-07-25,Revenue from sale 763,2025-07
764,4,764.0,,revenue,sales,19.53,2025-09-07,Revenue from sale 764,2025-09
765,2,765.0,,revenue,sales,55.23,2025-09-27,Revenue from sale 765,2025-09
766,1,766.0,,revenue,sales,61.56,2025-09-19,Revenue from sale 766,2025-09
767,2,767.0,,revenue,sales,26.57,2025-01-09,Revenue from sale 767,2025-01
768,4,768.0,,revenue,sales,18.27,2025-11-27,Revenue from sale 768,2025-11
769,5,769.0,,revenue,sales,16.66,2025-12-05,Revenue from sale 769,2025-12
770,3,770.0,,revenue,sales,12.67,2025-10-12,Revenue from sale 770,2025-10
771,3,771.0,,revenue,sales,46.1,2025-04-07,Revenue from sale 771,2025-04
772,5,772.0,,revenue,sales,27.36,2025-07-05,Revenue from sale 772,2025-07
773,4,773.0,,revenue,sales,45.53,2025-11-19,Revenue from sale 773,2025-11
774,1,774.0,,revenue,sales,20.12,2025-04-02,Revenue from sale 774,2025-04
775,5,775.0,,revenue,sales,13.81,2025-09-28,Revenue from sale 775,2025-09
776,4,776.0,,revenue,sales,31.44,2025-12-30,Revenue from sale 776,2025-12
777,3,777.0,,revenue,sales,43.25,2025-08-14,Revenue from sale 777,2025-08
778,1,778.0,,revenue,sales,13.82,2025-08-13,Revenue from sale 778,2025-08
779,1,779.0,,revenue,sales,20.46,2025-12-25,Revenue from sale 779,2025-12
780,3,780.0,,revenue,sales,45.1,2025-05-11,Revenue from sale 780,2025-05
781,1,781.0,,revenue,sales,24.95,2025-02-03,Revenue from sale 781,2025-02
782,5,782.0,,revenue,sales,29.1,2025-12-31,Revenue from sale 782,2025-12
783,3,783.0,,revenue,sales,31.43,2025-11-22,Revenue from sale 783,2025-11
784,1,784.0,,revenue,sales,63.45,2025-10-19,Revenue from sale 784,2025-10
785,3,785.0,,revenue,sales,44.29,2025-07-04,Revenue from sale 785,2025-07
786,5,786.0,,revenue,sales,37.03,2025-12-20,Revenue from sale 786,2025-12
787,5,787.0,,revenue,sales,30.94,2025-07-15,Revenue from sale 787,2025-07
788,4,788.0,,revenue,sales,48.23,2025-06-28,Revenue from sale 788,2025-06
789,1,789.0,,revenue,sales,17.89,2025-02-23,Revenue from sale 789,2025-02
790,4,790.0,,revenue,sales,35.55,2025-05-20,Revenue from sale 790,2025-05
791,5,791.0,,revenue,sales,26.05,2025-11-11,Revenue from sale 791,2025-11
792,3,792.0,,revenue,sales,35.22,2025-01-23,Revenue from sale 792,2025-01
793,4,793.0,,revenue,sales,33.96,2025-08-30,Revenue from sale 793,2025-08
794,5,794.0,,revenue,sales,30.84,2025-12-23,Revenue from sale 794,2025-12
795,5,795.0,,revenue,sales,24.32,2025-09-08,Revenue from sale 795,2025-09
796,1,796.0,,revenue,sales,42.93,2025-06-21,Revenue from sale 796,2025-06
797,4,797.0,,revenue,sales,13.42,2025-06-18,Revenue from sale 797,2025-06
798,4,798.0,,revenue,sales,20.08,2025-08-21,Revenue from sale 798,2025-08
799,5,799.0,,revenue,sales,26.32,2025-08-25,Revenue from sale 799,2025-08
800,3,800.0,,revenue,sales,76.72,2025-06-25,Revenue from sale 800,2025-06
801,5,801.0,,revenue,sales,31.08,2025-07-27,Revenue from sale 801,2025-07
802,1,802.0,,revenue,sales,22.52,2025-05-20,Revenue from sale 802,2025-05
803,4,803.0,,revenue,sales,18.1,2025-04-27,Revenue from sale 803,2025-04
804,4,804.0,,revenue,sales,36.09,2025-05-25,Revenue from sale 804,2025-05
805,4,805.0,,revenue,sales,26.45,2025-11-17,Revenue from sale 805,2025-11
806,4,806.0,,revenue,sales,52.31,2025-10-26,Revenue from sale 806,2025-10
807,5,807.0,,revenue,sales,44.47,2025-08-27,Revenue from sale 807,2025-08
808,2,808.0,,revenue,sales,19.17,2025-02-10,Revenue from sale 808,2025-02
809,5,809.0,,revenue,sales,21.07,2025-07-21,Revenue from sale 809,2025-07
810,4,810.0,,revenue,sales,28.14,2025-11-09,Revenue from sale 810,2025-11
811,4,811.0,,revenue,sales,36.26,2025-12-30,Revenue from sale 811,2025-12
812,3,812.0,,revenue,sales,45.67,2025-10-11,Revenue from sale 812,2025-10
813,4,813.0,,revenue,sales,22.24,2025-07-08,Revenue from sale 813,2025-07
814,5,814.0,,revenue,sales,23.5,2025-07-27,Revenue from sale 814,2025-07
815,1,815.0,,revenue,sales,37.56,2025-05-10,Revenue from sale 815,2025-05
816,3,816.0,,revenue,sales,31.81,2025-01-26,Revenue from sale 816,2025-01
817,4,817.0,,revenue,sales,82.98,2025-09-06,Revenue from sale 817,2025-09
818,3,818.0,,revenue,sales,14.09,2025-06-10,Revenue from sale 818,2025-06
819,3,819.0,,revenue,sales,58.49,2025-06-17,Revenue from sale 819,2025-06
820,4,820.0,,revenue,sales,14.76,2025-12-28,Revenue from sale 820,2025-12
821,1,821.0,,revenue,sales,15.31,2025-08-09,Revenue from sale 821,2025-08
822,5,822.0,,revenue,sales,40.79,2025-12-10,Revenue from sale 822,2025-12
823,5,823.0,,revenue,sales,14.75,2025-09-22,Revenue from sale 823,2025-09
824,1,824.0,,revenue,sales,75.59,2025-12-26,Revenue from sale 824,2025-12
825,5,825.0,,revenue,sales,54.85,2025-12-10,Revenue from sale 825,2025-12
826,2,826.0,,revenue,sales,33.72,2025-08-16,Revenue from sale 826,2025-08
827,5,827.0,,revenue,sales,42.89,2025-12-24,Revenue from sale 827,2025-12
828,2,828.0,,revenue,sales,15.85,2025-01-06,Revenue from sale 828,2025-01
829,5,829.0,,revenue,sales,34.38,2025-12-14,Revenue from sale 829,2025-12
830,1,830.0,,revenue,sales,23.71,2025-02-22,Revenue from sale 830,2025-02
831,4,831.0,,revenue,sales,21.58,2025-08-17,Revenue from sale 831,2025-08
832,4,832.0,,revenue,sales,53.21,2025-04-16,Revenue from sale 832,2025-04
833,3,833.0,,revenue,sales,15.94,2025-02-16,Revenue from sale 833,2025-02
834,5,834.0,,revenue,sales,46.2,2025-08-09,Revenue from sale 834,2025-08
835,2,835.0,,revenue,sales,23.68,2025-12-31,Revenue from sale 835,2025-12
836,1,836.0,,revenue,sales,31.06,2025-10-08,Revenue from sale 836,2025-10
837,3,837.0,,revenue,sales,19.21,2025-12-25,Revenue from sale 837,2025-12
838,2,838.0,,revenue,sales,25.81,2025-08-10,Revenue from sale 838,2025-08
839,3,839.0,,revenue,sales,51.72,2025-07-18,Revenue from sale 839,2025-07
840,2,840.0,,revenue,sales,31.09,2025-04-05,Revenue from sale 840,2025-04
841,5,841.0,,revenue,sales,18.13,2025-11-06,Revenue from sale 841,2025-11
842,3,842.0,,revenue,sales,27.89,2025-11-06,Revenue from sale 842,2025-11
843,5,843.0,,revenue,sales,27.61,2025-08-03,Revenue from sale 843,2025-08
844,4,844.0,,revenue,sales,27.9,2025-09-23,Revenue from sale 844,2025-09
845,5,845.0,,revenue,sales,22.37,2025-12-08,Revenue from sale 845,2025-12
846,1,846.0,,revenue,sales,17.13,2025-03-29,Revenue from sale 846,2025-03
847,5,847.0,,revenue,sales,19.37,2025-10-22,Revenue from sale 847,2025-10
848,4,848.0,,revenue,sales,39.06,2025-07-29,Revenue from sale 848,2025-07
849,4,849.0,,revenue,sales,22.0,2025-07-21,Revenue from sale 849,2025-07
850,4,850.0,,revenue,sales,19.94,2025-05-03,Revenue from sale 850,2025-05
851,4,851.0,,revenue,sales,21.58,2025-09-05,Revenue from sale 851,2025-09
852,1,852.0,,revenue,sales,20.69,2025-09-01,Revenue from sale 852,2025-09
853,5,853.0,,revenue,sales,22.53,2025-11-23,Revenue from sale 853,2025-11
854,3,854.0,,revenue,sales,27.41,2025-08-22,Revenue from sale 854,2025-08
855,5,855.0,,revenue,sales,19.15,2025-12-09,Revenue from sale 855,2025-12
856,5,856.0,,revenue,sales,19.59,2025-09-22,Revenue from sale 856,2025-09
857,5,857.0,,revenue,sales,16.58,2025-11-02,Revenue from sale 857,2025-11
858,4,858.0,,revenue,sales,26.58,2025-10-04,Revenue from sale 858,2025-10
859,4,859.0,,revenue,sales,17.5,2025-05-04,Revenue from sale 859,2025-05
860,2,860.0,,revenue,sales,34.88,2025-10-15,Revenue from sale 860,2025-10
861,1,861.0,,revenue,sales,31.07,2025-08-18,Revenue from sale 861,2025-08
862,3,862.0,,revenue,sales,32.11,2025-03-10,Revenue from sale 862,2025-03
863,4,863.0,,revenue,sales,24.7,2025-05-22,Revenue from sale 863,2025-05
864,4,864.0,,revenue,sales,34.57,2025-07-06,Revenue from sale 864,2025-07
865,1,865.0,,revenue,sales,62.74,2025-04-12,Revenue from sale 865,2025-04
866,5,866.0,,revenue,sales,44.52,2025-09-13,Revenue from sale 866,2025-09
867,2,867.0,,revenue,sales,19.7,2025-07-23,Revenue from sale 867,2025-07
868,3,868.0,,revenue,sales,14.19,2025-06-29,Revenue from sale 868,2025-06
869,4,869.0,,revenue,sales,32.48,2025-09-30,Revenue from sale 869,2025-09
870,5,870.0,,revenue,sales,14.62,2025-12-12,Revenue from sale 870,2025-12
871,1,871.0,,revenue,sales,25.78,2025-06-01,Revenue from sale 871,2025-06
872,2,872.0,,revenue,sales,26.05,2025-12-28,Revenue from sale 872,2025-12
873,1,873.0,,revenue,sales,8.81,2025-08-04,Revenue from sale 873,2025-08
874,4,874.0,,revenue,sales,20.78,2025-10-15,Revenue from sale 874,2025-10
875,3,875.0,,revenue,sales,18.24,2025-06-05,Revenue from sale 875,2025-06
876,2,876.0,,revenue,sales,12.58,2025-05-25,Revenue from sale 876,2025-05
877,2,877.0,,revenue,sales,30.67,2025-01-04,Revenue from sale 877,2025-01
878,4,878.0,,revenue,sales,37.12,2025-12-16,Revenue from sale 878,2025-12
879,5,879.0,,revenue,sales,34.95,2025-09-03,Revenue from sale 879,2025-09
880,3,880.0,,revenue,sales,40.74,2025-06-07,Revenue from sale 880,2025-06
881,2,881.0,,revenue,sales,91.48,2025-03-08,Revenue from sale 881,2025-03
882,2,882.0,,revenue,sales,14.37,2025-06-09,Revenue from sale 882,2025-06
883,5,883.0,,revenue,sales,13.04,2025-12-01,Revenue from sale 883,2025-12
884,4,884.0,,revenue,sales,22.94,2025-05-28,Revenue from sale 884,2025-05
885,3,885.0,,revenue,sales,42.07,2025-02-07,Revenue from sale 885,2025-02
886,2,886.0,,revenue,sales,17.47,2025-07-12,Revenue from sale 886,2025-07
887,5,887.0,,revenue,sales,20.88,2025-12-22,Revenue from sale 887,2025-12
888,1,888.0,,revenue,sales,32.01,2025-05-03,Revenue from sale 888,2025-05
889,2,889.0,,revenue,sales,24.92,2025-11-19,Revenue from sale 889,2025-11
890,5,890.0,,revenue,sales,31.34,2025-12-15,Revenue from sale 890,2025-12
891,5,891.0,,revenue,sales,15.96,2025-11-29,Revenue from sale 891,2025-11
892,5,892.0,,revenue,sales,26.55,2025-09-21,Revenue from sale 892,2025-09
893,1,893.0,,revenue,sales,32.91,2025-04-26,Revenue from sale 893,2025-04
894,4,894.0,,revenue,sales,48.98,2025-11-22,Revenue from sale 894,2025-11
895,1,895.0,,revenue,sales,9.66,2025-05-09,Revenue from sale 895,2025-05
896,1,896.0,,revenue,sales,15.57,2025-04-26,Revenue from sale 896,2025-04
897,3,897.0,,revenue,sales,24.56,2025-11-16,Revenue from sale 897,2025-11
898,5,898.0,,revenue,sales,43.48,2025-11-01,Revenue from sale 898,2025-11
899,3,899.0,,revenue,sales,20.89,2025-03-31,Revenue from sale 899,2025-03
900,5,900.0,,revenue,sales,48.79,2025-11-20,Revenue from sale 900,2025-11
901,2,901.0,,revenue,sales,43.26,2025-02-07,Revenue from sale 901,2025-02
902,3,902.0,,revenue,sales,27.15,2025-03-30,Revenue from sale 902,2025-03
903,4,903.0,,revenue,sales,51.77,2025-10-09,Revenue from sale 903,2025-10
904,4,904.0,,revenue,sales,14.85,2025-07-19,Revenue from sale 904,2025-07
905,1,905.0,,revenue,sales,29.56,2025-02-06,Revenue from sale 905,2025-02
906,5,906.0,,revenue,sales,51.17,2025-10-15,Revenue from sale 906,2025-10
907,4,907.0,,revenue,sales,22.23,2025-05-28,Revenue from sale 907,2025-05
908,3,908.0,,revenue,sales,19.34,2025-08-12,Revenue from sale 908,2025-08
909,2,909.0,,revenue,sales,24.3,2025-03-01,Revenue from sale 909,2025-03
910,3,910.0,,revenue,sales,70.43,2025-03-18,Revenue from sale 910,2025-03
911,2,911.0,,revenue,sales,24.43,2025-07-27,Revenue from sale 911,2025-07
912,3,912.0,,revenue,sales,20.36,2025-12-22,Revenue from sale 912,2025-12
913,2,913.0,,revenue,sales,36.45,2025-12-14,Revenue from sale 913,2025-12
914,1,914.0,,revenue,sales,35.86,2025-05-28,Revenue from sale 914,2025-05
915,5,915.0,,revenue,sales,15.17,2025-10-05,Revenue from sale 915,2025-10
916,1,916.0,,revenue,sales,42.86,2025-08-03,Revenue from sale 916,2025-08
917,4,917.0,,revenue,sales,42.66,2025-12-13,Revenue from sale 917,2025-12
918,5,918.0,,revenue,sales,27.89,2025-12-24,Revenue from sale 918,2025-12
919,3,919.0,,revenue,sales,35.44,2025-10-04,Revenue from sale 919,2025-10
920,4,920.0,,revenue,sales,21.07,2025-08-22,Revenue from sale 920,2025-08
921,4,921.0,,revenue,sales,24.91,2025-07-14,Revenue from sale 921,2025-07
922,3,922.0,,revenue,sales,27.94,2025-03-23,Revenue from sale 922,2025-03
923,2,923.0,,revenue,sales,27.64,2025-04-25,Revenue from sale 923,2025-04
924,1,924.0,,revenue,sales,33.12,2025-01-27,Revenue from sale 924,2025-01
925,4,925.0,,revenue,sales,17.19,2025-10-04,Revenue from sale 925,2025-10
926,3,926.0,,revenue,sales,29.51,2025-01-25,Revenue from sale 926,2025-01
927,4,927.0,,revenue,sales,95.0,2025-06-02,Revenue from sale 927,2025-06
928,1,928.0,,revenue,sales,53.91,2025-12-23,Revenue from sale 928,2025-12
929,1,929.0,,revenue,sales,16.47,2025-11-21,Revenue from sale 929,2025-11
930,4,930.0,,revenue,sales,17.29,2025-05-18,Revenue from sale 930,2025-05
931,1,931.0,,revenue,sales,21.73,2025-06-01,Revenue from sale 931,2025-06
932,4,932.0,,revenue,sales,11.48,2025-10-08,Revenue from sale 932,2025-10
933,5,933.0,,revenue,sales,31.46,2025-11-22,Revenue from sale 933,2025-11
934,3,934.0,,revenue,sales,15.48,2025-09-09,Revenue from sale 934,2025-09
935,3,935.0,,revenue,sales,38.51,2025-03-10,Revenue from sale 935,2025-03
936,3,936.0,,revenue,sales,15.48,2025-07-23,Revenue from sale 936,2025-07
937,2,937.0,,revenue,sales,48.48,2025-02-22,Revenue from sale 937,2025-02
938,5,938.0,,revenue,sales,16.68,2025-12-31,Revenue from sale 938,2025-12
939,5,939.0,,revenue,sales,39.79,2025-11-15,Revenue from sale 939,2025-11
940,1,940.0,,revenue,sales,59.14,2025-02-08,Revenue from sale 940,2025-02
941,2,941.0,,revenue,sales,23.46,2025-05-18,Revenue from sale 941,2025-05
942,1,942.0,,revenue,sales,29.15,2025-12-14,Revenue from sale 942,2025-12
943,5,943.0,,revenue,sales,37.03,2025-12-21,Revenue from sale 943,2025-12
944,2,944.0,,revenue,sales,57.95,2025-03-05,Revenue from sale 944,2025-03
945,5,945.0,,revenue,sales,43.34,2025-07-05,Revenue from sale 945,2025-07
946,2,946.0,,revenue,sales,30.75,2025-12-19,Revenue from sale 946,2025-12
947,4,947.0,,revenue,sales,49.26,2025-12-02,Revenue from sale 947,2025-12
948,3,948.0,,revenue,sales,30.4,2025-10-18,Revenue from sale 948,2025-10
949,3,949.0,,revenue,sales,31.68,2025-09-15,Revenue from sale 949,2025-09
950,3,950.0,,revenue,sales,43.75,2025-02-23,Revenue from sale 950,2025-02
951,1,951.0,,revenue,sales,59.97,2025-02-15,Revenue from sale 951,2025-02
952,1,952.0,,revenue,sales,38.34,2025-05-31,Revenue from sale 952,2025-05
953,1,953.0,,revenue,sales,29.29,2025-02-08,Revenue from sale 953,2025-02
954,4,954.0,,revenue,sales,34.42,2025-12-27,Revenue from sale 954,2025-12
955,1,955.0,,revenue,sales,53.11,2025-01-22,Revenue from sale 955,2025-01
956,5,956.0,,revenue,sales,46.44,2025-12-25,Revenue from sale 956,2025-12
957,1,957.0,,revenue,sales,9.23,2025-06-14,Revenue from sale 957,2025-06
958,3,958.0,,revenue,sales,32.77,2025-06-19,Revenue from sale 958,2025-06
959,5,959.0,,revenue,sales,58.31,2025-12-01,Revenue from sale 959,2025-12
960,3,960.0,,revenue,sales,38.31,2025-06-06,Revenue from sale 960,2025-06
961,1,961.0,,revenue,sales,50.83,2025-11-16,Revenue from sale 961,2025-11
962,2,962.0,,revenue,sales,24.95,2025-05-04,Revenue from sale 962,2025-05
963,3,963.0,,revenue,sales,12.25,2025-07-09,Revenue from sale 963,2025-07
964,4,964.0,,revenue,sales,14.86,2025-06-21,Revenue from sale 964,2025-06
965,5,965.0,,revenue,sales,22.84,2025-10-18,Revenue from sale 965,2025-10
966,2,966.0,,revenue,sales,41.31,2025-12-31,Revenue from sale 966,2025-12
967,4,967.0,,revenue,sales,24.09,2025-08-25,Revenue from sale 967,2025-08
968,5,968.0,,revenue,sales,34.3,2025-11-28,Revenue from sale 968,2025-11
969,4,969.0,,revenue,sales,51.15,2025-10-14,Revenue from sale 969,2025-10
970,5,970.0,,revenue,sales,20.8,2025-12-25,Revenue from sale 970,2025-12
971,2,971.0,,revenue,sales,22.03,2025-03-30,Revenue from sale 971,2025-03
972,2,972.0,,revenue,sales,14.63,2025-08-02,Revenue from sale 972,2025-08
973,5,973.0,,revenue,sales,49.09,2025-12-08,Revenue from sale 973,2025-12
974,5,974.0,,revenue,sales,31.26,2025-10-12,Revenue from sale 974,2025-10
975,5,975.0,,revenue,sales,43.07,2025-10-30,Revenue from sale 975,2025-10
976,1,976.0,,revenue,sales,40.91,2025-05-19,Revenue from sale 976,2025-05
977,5,977.0,,revenue,sales,50.54,2025-12-16,Revenue from sale 977,2025-12
978,4,978.0,,revenue,sales,44.78,2025-06-28,Revenue from sale 978,2025-06
979,3,979.0,,revenue,sales,66.71,2025-04-19,Revenue from sale 979,2025-04
980,4,980.0,,revenue,sales,31.52,2025-06-13,Revenue from sale 980,2025-06
981,5,981.0,,revenue,sales,26.53,2025-10-12,Revenue from sale 981,2025-10
982,3,982.0,,revenue,sales,28.81,2025-02-18,Revenue from sale 982,2025-02
983,1,983.0,,revenue,sales,39.4,2025-08-11,Revenue from sale 983,2025-08
984,3,984.0,,revenue,sales,31.5,2025-11-04,Revenue from sale 984,2025-11
985,3,985.0,,revenue,sales,22.36,2025-10-12,Revenue from sale 985,2025-10
986,4,986.0,,revenue,sales,19.87,2025-06-22,Revenue from sale 986,2025-06
987,1,987.0,,revenue,sales,38.88,2025-06-10,Revenue from sale 987,2025-06
988,5,988.0,,revenue,sales,27.96,2025-11-10,Revenue from sale 988,2025-11
989,5,989.0,,revenue,sales,74.91,2025-12-01,Revenue from sale 989,2025-12
990,3,990.0,,revenue,sales,33.75,2025-09-02,Revenue from sale 990,2025-09
991,4,991.0,,revenue,sales,11.77,2025-04-17,Revenue from sale 991,2025-04
992,2,992.0,,revenue,sales,20.21,2025-05-25,Revenue from sale 992,2025-05
993,2,993.0,,revenue,sales,40.62,2025-08-24,Revenue from sale 993,2025-08
994,3,994.0,,revenue,sales,26.48,2025-07-26,Revenue from sale 994,2025-07
995,3,995.0,,revenue,sales,20.49,2025-12-29,Revenue from sale 995,2025-12
996,5,996.0,,revenue,sales,29.29,2025-07-19,Revenue from sale 996,2025-07
997,5,997.0,,revenue,sales,23.29,2025-12-31,Revenue from sale 997,2025-12
998,5,998.0,,revenue,sales,37.1,2025-11-15,Revenue from sale 998,2025-11
999,5,999.0,,revenue,sales,56.57,2025-07-09,Revenue from sale 999,2025-07
1000,1,1000.0,,revenue,sales,86.79,2025-12-04,Revenue from sale 1000,2025-12
1001,2,,2.0,expense,inventory_purchase,1004.25,2025-09-09,Expense for purchase order 2,2025-09
1002,1,,3.0,expense,inventory_purchase,1174.19,2025-11-03,Expense for purchase order 3,2025-11
1003,1,,6.0,expense,inventory_purchase,703.24,2025-03-16,Expense for purchase order 6,2025-03
1004,2,,7.0,expense,inventory_purchase,318.41,2025-01-28,Expense for purchase order 7,2025-01
1005,3,,8.0,expense,inventory_purchase,585.02,2025-06-13,Expense for purchase order 8,2025-06
1006,3,,11.0,expense,inventory_purchase,1080.64,2025-03-05,Expense for purchase order 11,2025-03
1007,2,,12.0,expense,inventory_purchase,113.05,2025-09-23,Expense for purchase order 12,2025-09
1008,3,,13.0,expense,inventory_purchase,459.13,2025-04-08,Expense for purchase order 13,2025-04
1009,2,,14.0,expense,inventory_purchase,1180.33,2025-10-14,Expense for purchase order 14,2025-10
1010,2,,16.0,expense,inventory_purchase,787.81,2025-01-09,Expense for purchase order 16,2025-01
1011,2,,18.0,expense,inventory_purchase,824.39,2025-03-07,Expense for purchase order 18,2025-03
1012,2,,19.0,expense,inventory_purchase,1258.54,2025-03-08,Expense for purchase order 19,2025-03
1013,1,,20.0,expense,inventory_purchase,970.65,2025-09-05,Expense for purchase order 20,2025-09
1014,2,,23.0,expense,inventory_purchase,470.07,2025-10-28,Expense for purchase order 23,2025-10
1015,2,,25.0,expense,inventory_purchase,207.8,2025-09-14,Expense for purchase order 25,2025-09
1016,1,,26.0,expense,inventory_purchase,976.61,2025-10-24,Expense for purchase order 26,2025-10
1017,2,,30.0,expense,inventory_purchase,277.34,2025-09-21,Expense for purchase order 30,2025-09
1018,4,,31.0,expense,inventory_purchase,396.25,2025-06-05,Expense for purchase order 31,2025-06
1019,5,,32.0,expense,inventory_purchase,731.78,2025-07-11,Expense for purchase order 32,2025-07
1020,1,,35.0,expense,inventory_purchase,440.32,2025-09-01,Expense for purchase order 35,2025-09
1021,4,,36.0,expense,inventory_purchase,869.88,2025-11-20,Expense for purchase order 36,2025-11
1022,2,,37.0,expense,inventory_purchase,212.19,2025-07-22,Expense for purchase order 37,2025-07
1023,1,,38.0,expense,inventory_purchase,1071.15,2025-07-06,Expense for purchase order 38,2025-07
1024,5,,40.0,expense,inventory_purchase,507.87,2025-09-08,Expense for purchase order 40,2025-09
1025,1,,42.0,expense,inventory_purchase,1146.15,2025-05-09,Expense for purchase order 42,2025-05
1026,1,,43.0,expense,inventory_purchase,320.45,2025-01-28,Expense for purchase order 43,2025-01
1027,4,,44.0,expense,inventory_purchase,986.49,2025-09-24,Expense for purchase order 44,2025-09
1028,1,,45.0,expense,inventory_purchase,209.68,2025-12-05,Expense for purchase order 45,2025-12
1029,3,,47.0,expense,inventory_purchase,1106.81,2025-10-18,Expense for purchase order 47,2025-10
1030,1,,48.0,expense,inventory_purchase,1062.76,2025-07-16,Expense for purchase order 48,2025-07
1031,4,,49.0,expense,inventory_purchase,471.22,2025-04-28,Expense for purchase order 49,2025-04
1032,4,,50.0,expense,inventory_purchase,438.33,2025-11-16,Expense for purchase order 50,2025-11
1033,1,,51.0,expense,inventory_purchase,1422.53,2025-10-19,Expense for purchase order 51,2025-10
1034,4,,53.0,expense,inventory_purchase,1209.58,2025-08-22,Expense for purchase order 53,2025-08
1035,3,,54.0,expense,inventory_purchase,512.86,2025-06-28,Expense for purchase order 54,2025-06
1036,3,,55.0,expense,inventory_purchase,440.0,2025-07-12,Expense for purchase order 55,2025-07
1037,1,,57.0,expense,inventory_purchase,495.21,2025-12-05,Expense for purchase order 57,2025-12
1038,1,,58.0,expense,inventory_purchase,944.51,2025-12-19,Expense for purchase order 58,2025-12
1039,2,,59.0,expense,inventory_purchase,1038.03,2025-01-11,Expense for purchase order 59,2025-01
1040,5,,60.0,expense,inventory_purchase,427.99,2025-11-09,Expense for purchase order 60,2025-11
1041,1,,62.0,expense,inventory_purchase,646.96,2025-09-08,Expense for purchase order 62,2025-09
1042,4,,64.0,expense,inventory_purchase,625.59,2025-07-22,Expense for purchase order 64,2025-07
1043,2,,65.0,expense,inventory_purchase,1078.49,2025-05-28,Expense for purchase order 65,2025-05
1044,5,,67.0,expense,inventory_purchase,2007.08,2025-09-25,Expense for purchase order 67,2025-09
1045,3,,69.0,expense,inventory_purchase,442.21,2025-08-24,Expense for purchase order 69,2025-08
1046,3,,70.0,expense,inventory_purchase,2026.56,2025-11-30,Expense for purchase order 70,2025-11
1047,5,,73.0,expense,inventory_purchase,460.99,2025-12-08,Expense for purchase order 73,2025-12
1048,4,,77.0,expense,inventory_purchase,912.37,2025-08-10,Expense for purchase order 77,2025-08
1049,3,,78.0,expense,inventory_purchase,494.75,2025-09-09,Expense for purchase order 78,2025-09
1050,1,,79.0,expense,inventory_purchase,692.1,2025-04-14,Expense for purchase order 79,2025-04
1051,1,,81.0,expense,inventory_purchase,1528.91,2025-01-29,Expense for purchase order 81,2025-01
1052,4,,82.0,expense,inventory_purchase,447.13,2025-10-13,Expense for purchase order 82,2025-10
1053,4,,86.0,expense,inventory_purchase,511.18,2025-07-30,Expense for purchase order 86,2025-07
1054,5,,88.0,expense,inventory_purchase,506.13,2025-10-04,Expense for purchase order 88,2025-10
1055,2,,89.0,expense,inventory_purchase,1019.9,2025-05-23,Expense for purchase order 89,2025-05
1056,1,,90.0,expense,inventory_purchase,509.58,2025-11-27,Expense for purchase order 90,2025-11
1057,3,,91.0,expense,inventory_purchase,396.44,2025-10-24,Expense for purchase order 91,2025-10
1058,3,,94.0,expense,inventory_purchase,722.96,2025-12-10,Expense for purchase order 94,2025-12
1059,1,,96.0,expense,inventory_purchase,494.82,2025-03-24,Expense for purchase order 96,2025-03
1060,5,,97.0,expense,inventory_purchase,458.09,2025-11-18,Expense for purchase order 97,2025-11
1061,4,,99.0,expense,inventory_purchase,328.95,2025-07-21,Expense for purchase order 99,2025-07
1062,3,,,expense,utilities,391.01,2025-11-19,Store operating expense,2025-11
1063,3,,,expense,utilities,819.81,2025-12-06,Store operating expense,2025-12
1064,1,,,expense,utilities,847.1,2025-12-13,Store operating expense,2025-12
1065,3,,,expense,utilities,852.36,2025-11-16,Store operating expense,2025-11
1066,4,,,expense,maintenance,453.69,2025-11-20,Store operating expense,2025-11
1067,1,,,expense,utilities,818.55,2025-12-28,Store operating expense,2025-12
1068,4,,,expense,supplies,124.89,2025-12-03,Store operating expense,2025-12
1069,4,,,expense,maintenance,59.27,2025-11-22,Store operating expense,2025-11
1070,5,,,expense,maintenance,168.51,2025-12-22,Store operating expense,2025-12
1071,3,,,expense,utilities,764.15,2025-12-02,Store operating expense,2025-12
1072,1,,,expense,utilities,587.58,2025-12-10,Store operating expense,2025-12
1073,3,,,expense,supplies,204.37,2025-11-21,Store operating expense,2025-11
1074,3,,,expense,utilities,837.03,2025-12-24,Store operating expense,2025-12
1075,1,,,expense,supplies,1095.69,2025-12-10,Store operating expense,2025-12
1076,4,,,expense,utilities,817.51,2025-11-12,Store operating expense,2025-11
1077,1,,,expense,utilities,789.45,2025-12-23,Store operating expense,2025-12
1078,4,,,expense,maintenance,758.98,2025-11-21,Store operating expense,2025-11
1079,5,,,expense,supplies,1188.59,2025-11-12,Store operating expense,2025-11
1080,2,,,expense,utilities,602.33,2025-11-03,Store operating expense,2025-11
1081,4,,,expense,maintenance,720.55,2025-12-16,Store operating expense,2025-12
1082,4,,,expense,supplies,249.26,2025-12-30,Store operating expense,2025-12
1083,5,,,expense,maintenance,318.79,2025-11-11,Store operating expense,2025-11
1084,4,,,expense,utilities,703.98,2025-12-05,Store operating expense,2025-12
1085,1,,,expense,supplies,996.13,2025-11-06,Store operating expense,2025-11
1086,2,,,expense,supplies,828.33,2025-12-21,Store operating expense,2025-12
1087,5,,,expense,utilities,950.96,2025-12-24,Store operating expense,2025-12
1088,2,,,expense,maintenance,801.76,2025-11-20,Store operating expense,2025-11
1089,2,,,expense,maintenance,52.53,2025-12-25,Store operating expense,2025-12
1090,2,,,expense,supplies,906.38,2025-11-28,Store operating expense,2025-11
1091,4,,,expense,utilities,281.81,2025-11-18,Store operating expense,2025-11
1092,5,,,expense,supplies,745.18,2025-11-20,Store operating expense,2025-11
1093,2,,,expense,maintenance,289.99,2025-12-31,Store operating expense,2025-12
1094,1,,,expense,supplies,655.83,2025-11-24,Store operating expense,2025-11
1095,5,,,expense,maintenance,891.4,2025-11-28,Store operating expense,2025-11
1096,4,,,expense,maintenance,983.73,2025-12-03,Store operating expense,2025-12
1097,3,,,expense,utilities,886.58,2025-11-12,Store operating expense,2025-11
1098,4,,,expense,supplies,1136.42,2025-11-12,Store operating expense,2025-11
1099,3,,,expense,maintenance,73.95,2025-12-06,Store operating expense,2025-12
1100,2,,,expense,maintenance,994.37,2025-11-18,Store operating expense,2025-11
